{
  "A1": {
    "feature": "feature_057",
    "orr_by_level": {
      "0": 0.21288085493406095,
      "1": 0.15518000881021984,
      "2": 0.11187306709694769
    },
    "coef": -0.26007693383865865,
    "p": 1.8415813997503576e-97,
    "OR_per_level": 0.7709922681270641
  },
  "A2": {
    "feature": "feature_035",
    "orr_pos": 0.22130242825607063,
    "orr_neg": 0.16495601173020527,
    "risk_diff": 0.05634641652586536,
    "coef": 0.3637130366965161,
    "OR": 1.4386613119143223,
    "p": 4.130586964471593e-18
  },
  "A3": {
    "feature": "feature_011",
    "mean_resp": 3.3828797917652627,
    "mean_noresp": 3.9516053720997397,
    "coef_per_sd": -0.1549600382708929,
    "p": 7.429618098395795e-35
  },
  "A4": {
    "feature": "feature_006",
    "mean_resp": 58.233199242782774,
    "mean_noresp": 60.308948685857324,
    "coef_per_sd": -0.1085617140679366,
    "p": 1.1558570512949848e-19
  },
  "A5": {
    "feature": "feature_099",
    "mean_resp": 3.824538570752485,
    "mean_noresp": 3.7956435929527292,
    "coef_per_sd": 0.05769082342873637,
    "p": 1.358694141508161e-06
  },
  "A6": {
    "feature": "feature_063",
    "mean_resp": 5.653943445338382,
    "mean_noresp": 6.166439299123905,
    "coef_per_sd": -0.0642480299454902,
    "p": 2.8171519059372104e-06
  },
  "A7": {
    "feature": "feature_092",
    "coef_per_sd": -0.05598984841546353,
    "p": 1.8806249858472477e-05
  },
  "A8": {
    "feature": "feature_093",
    "orr_pos": 0.1848447204968944,
    "orr_neg": 0.1676563349646547,
    "risk_diff": 0.017188385532239697,
    "coef": 0.11846665730068222,
    "p": 0.005293351600757771
  },
  "A9": {
    "feature": "feature_121",
    "orr_pos": 0.1564083997103548,
    "orr_neg": 0.17018121551780535,
    "risk_diff": -0.013772815807450545,
    "coef": -0.10085445624999415,
    "p": 0.023550063489434503
  },
  "A10": {
    "feature": "feature_005",
    "orr_by_race": {
      "asian": 0.1632996632996633,
      "black": 0.15741212429954152,
      "hispanic": 0.16695059625212946,
      "other": 0.14723320158102768,
      "white": 0.17284140562496153
    },
    "chi2": 13.371812089358926,
    "p": 0.009594955601115278
  },
  "A11": {
    "feature": "feature_087",
    "orr_by_ins": {
      "medicaid": 0.16871653885110693,
      "medicare": 0.1718131055218823,
      "private": 0.16655052264808362,
      "uninsured": 0.16617790811339198
    },
    "chi2": 2.157980178908271,
    "p": 0.5402723157880647
  },
  "A12": {
    "feature": "feature_014",
    "orr_pos": 0.17347652347652348,
    "orr_neg": 0.1660773849232822,
    "risk_diff": 0.007399138553241286,
    "coef": 0.05250071366040646,
    "p": 0.030551473217981535
  },
  "A13": {
    "feature": "feature_018",
    "coef": 0.011363514037216341,
    "p": 0.3399058402869317
  },
  "A14": {
    "feature": "feature_044",
    "mean_resp": 12.480726455276859,
    "mean_noresp": 12.511586598632906,
    "coef_per_sd": -0.017205421255296203,
    "p": 0.14939219177411667
  },
  "A15": {
    "feature": "feature_078",
    "mean_resp": 68.03064363464269,
    "mean_noresp": 67.98383074997594,
    "coef_per_sd": 0.00430526071892689,
    "p": 0.7182870183586691
  },
  "A16": {
    "coefs": {
      "const": -1.4179258728464665,
      "feature_011": -0.15546889578801654,
      "feature_006": -0.10965239796819472,
      "feature_099": 0.05905080025352196,
      "feature_063": -0.06698210221524845,
      "feature_092": -0.058091209575274944,
      "feature_035": 0.36154749274383524,
      "feature_093": 0.12658810891369218,
      "feature_057": -0.38369291465219063,
      "race_black": -0.030011330591813372,
      "race_hispanic": 0.045108026808367584,
      "race_other": -0.11608971575148887,
      "race_white": 0.08006250290322779,
      "ins_medicare": 0.021656685019828915,
      "ins_private": -0.02063286123264208,
      "ins_uninsured": -0.011446614801933831
    },
    "pvalues": {
      "const": 2.771977547525082e-123,
      "feature_011": 1.4729334486736814e-34,
      "feature_006": 9.231336808690074e-20,
      "feature_099": 9.670432721823978e-07,
      "feature_063": 1.1853637015656597e-06,
      "feature_092": 1.0346659355798502e-05,
      "feature_035": 1.3409206503755406e-17,
      "feature_093": 0.0031536586714640937,
      "feature_057": 8.04059016209836e-97,
      "race_black": 0.6268139845795224,
      "race_hispanic": 0.4436422199985145,
      "race_other": 0.25731337814536526,
      "race_white": 0.12527101558913256,
      "ins_medicare": 0.5614676398700764,
      "ins_private": 0.5833341606403059,
      "ins_uninsured": 0.8665292043985908
    },
    "OR": {
      "const": 0.24221588278979098,
      "feature_011": 0.8560137021465011,
      "feature_006": 0.896145583188942,
      "feature_099": 1.0608291297600947,
      "feature_063": 0.9352119394089775,
      "feature_092": 0.9435638814509653,
      "feature_035": 1.4355491985357127,
      "feature_093": 1.1349494459335687,
      "feature_057": 0.6813406247798814,
      "race_black": 0.9704345378885842,
      "race_hispanic": 1.0461408650635697,
      "race_other": 0.8903953372272052,
      "race_white": 1.083354778377753,
      "ins_medicare": 1.0218928931024207,
      "ins_private": 0.9795785398160526,
      "ins_uninsured": 0.9886186484415257
    }
  },
  "A17": {
    "nonwhite_coef": -0.07643937746445063,
    "nonwhite_OR": 0.9264090738535502,
    "p": 0.0026544966785088334
  },
  "A18": {
    "inter_coef": 0.027013455386313334,
    "p": 0.6735531585599147,
    "orr_by_subgroup": {
      "f57=0_f35=0": 0.20822827624377344,
      "f57=0_f35=1": 0.2697220135236664,
      "f57=1_f35=0": 0.15137535569543847,
      "f57=1_f35=1": 0.20483961733258302,
      "f57=2_f35=0": 0.10879930645860425,
      "f57=2_f35=1": 0.15310077519379844
    },
    "risk_diff_by_f57": {
      "0": 0.06149373727989299,
      "1": 0.053464261637144544,
      "2": 0.044301468735194194
    }
  },
  "A19": {
    "lr_chi2": 2.0557338244107086,
    "p_lr": 0.7255085267665522,
    "rd_by_race": {
      "white": 0.0646447291254828,
      "asian": 0.039636363636363636,
      "black": 0.04092495005048202,
      "hispanic": 0.04104041472545447,
      "other": 0.05420602789023843
    }
  },
  "A20": {
    "inter_coef": -0.007220840006161564,
    "p": 0.7098555928523261
  },
  "A21": {
    "inter_coef": -0.13004246016664348,
    "p": 0.0077319481863615215
  },
  "A22": {
    "inter_coef": -0.0936074878576347,
    "p": 0.02385999130617078
  },
  "A23": {
    "inter_coef": -0.0357770176568733,
    "p": 0.005635967823238261
  },
  "A24": {
    "lr_chi2": 22.917116411488678,
    "df": 12,
    "p_lr": 0.02843789553112331
  },
  "null_binaries": {
    "feature_007": {
      "orr_pos": 0.170890885521434,
      "orr_neg": 0.16754135147851895,
      "p": 0.3203927883157356
    },
    "feature_017": {
      "orr_pos": 0.1679704862654458,
      "orr_neg": 0.1699149152788888,
      "p": 0.5638510024366887
    },
    "feature_002": {
      "orr_pos": 0.16743380769393185,
      "orr_neg": 0.17048520080550172,
      "p": 0.3633565029550617
    },
    "feature_122": {
      "orr_pos": 0.16831070022559383,
      "orr_neg": 0.16964187931223304,
      "p": 0.6926348071166161
    },
    "feature_025": {
      "orr_pos": 0.168033152125479,
      "orr_neg": 0.1698599317802453,
      "p": 0.5877583932673156
    },
    "feature_070": {
      "orr_pos": 0.17019486271036316,
      "orr_neg": 0.16808898614150256,
      "p": 0.5318044046468446
    },
    "feature_085": {
      "orr_pos": 0.16801163213376955,
      "orr_neg": 0.17029791018230325,
      "p": 0.497408552800387
    }
  }
}