{
  "rates_057": {
    "0": 0.21288085493406095,
    "1": 0.15518000881021984,
    "2": 0.11187306709694769
  },
  "rate1_35": 0.22130242825607063,
  "rate0_35": 0.16495601173020527,
  "p_35": 3.517791305592361e-18,
  "p_057": 5.508704444729024e-98,
  "rates_005": {
    "asian": 0.1632996632996633,
    "black": 0.15741212429954152,
    "hispanic": 0.16695059625212946,
    "other": 0.14723320158102768,
    "white": 0.17284140562496153
  },
  "rates_087": {
    "medicaid": 0.16871653885110693,
    "medicare": 0.1718131055218823,
    "private": 0.16655052264808362,
    "uninsured": 0.16617790811339198
  },
  "p_005": 0.009594955601115278,
  "p_087": 0.5402723157880647,
  "p_78": 0.7168077107936557,
  "p_85": 0.5050378030449794,
  "tertile_rates": {
    "T1_low": 0.11753764924701506,
    "T2_mid": 0.16548661946477858,
    "T3_high": 0.2240955180896382
  },
  "hi_rate": 0.2240955180896382,
  "lo_rate": 0.11753764924701506,
  "p_tertile": 2.6345206258312266e-147,
  "p22": 0.007394135838769049,
  "race_p_full": 0.010272036176676753,
  "p_ins_adj": 0.4968068266650455,
  "mv_res": [
    [
      "feature_057",
      -0.38329711301719865,
      1.2581710609628663e-96
    ],
    [
      "feature_011",
      -0.04019763655048971,
      1.82034231184569e-34
    ],
    [
      "feature_006",
      -0.005747310444509388,
      6.44131737754423e-20
    ],
    [
      "feature_063",
      -0.07412912975856233,
      7.264388137199505e-07
    ],
    [
      "feature_099",
      0.11812091935221175,
      9.062674406447382e-07
    ],
    [
      "feature_092",
      -0.0807062060181533,
      2.161403054553696e-09
    ],
    [
      "feature_078",
      0.00033398182589933515,
      0.7628558034385126
    ],
    [
      "feature_035",
      0.36044019920465925,
      1.658342027130289e-17
    ]
  ],
  "ord_results": [
    [
      "feature_018",
      0.003996209196553777,
      0.3715569443123925
    ],
    [
      "feature_096",
      0.002635940357485919,
      0.5555926608535557
    ],
    [
      "feature_064",
      0.004289767865050409,
      0.33745715055935377
    ],
    [
      "feature_045",
      -0.007162174460261897,
      0.10926812419485758
    ],
    [
      "feature_042",
      -0.004017897573452436,
      0.36896680729513376
    ],
    [
      "feature_125",
      -0.010404506650113858,
      0.01999065540786811
    ]
  ],
  "trend_rates": {
    "0": 0.19351630867143993,
    "1": 0.18133068520357498,
    "2": 0.19094369865758365,
    "3": 0.1780984384265665,
    "4": 0.16703696222985256,
    "5": 0.16397688782626021,
    "6": 0.17118027485852869,
    "7": 0.146584345747859,
    "8": 0.15463502915745023,
    "9": 0.14271356783919598
  },
  "beta24": -0.03848782173089659,
  "p24": 2.5499571198384715e-20
}