{
  "feature_015": {
    "kind": "cont",
    "effect": 0.7571297087157699,
    "p": 0.0
  },
  "feature_031": {
    "kind": "binary",
    "effect": -0.20438491637036416,
    "p": 2.413444614883286e-24
  },
  "feature_001": {
    "kind": "anova",
    "effect": 0.6873468240183946,
    "p": 3.654908192266995e-187,
    "means": {
      "current": 2.98732129089159,
      "former": 3.607098514638668,
      "never": 3.6746681149099847
    }
  },
  "feature_014": {
    "kind": "ord",
    "effect": 2.1748897187498364,
    "p": 0.0,
    "means": {
      "0": 4.326825794953069,
      "1": 3.1853885491507485,
      "2": 2.1519360762032327
    }
  },
  "feature_006": {
    "kind": "anova",
    "effect": 0.8568574312240202,
    "p": 0.0,
    "means": {
      "adenocarcinoma": 3.66979116766827,
      "squamous": 2.8129337364442497
    }
  },
  "feature_023": {
    "kind": "binary",
    "effect": -1.437524257355765,
    "p": 0.0
  },
  "feature_011": {
    "kind": "binary",
    "effect": -0.9206524769254516,
    "p": 0.0
  },
  "feature_022": {
    "kind": "binary",
    "effect": 0.18886784452978445,
    "p": 1.9126740401785464e-10
  },
  "feature_016": {
    "kind": "binary",
    "effect": 0.7815406353668428,
    "p": 4.790976569702652e-151
  },
  "feature_028": {
    "kind": "binary",
    "effect": -0.8103999282156238,
    "p": 2.889994278264623e-69
  },
  "feature_002": {
    "kind": "binary",
    "effect": 0.009102147590091203,
    "p": 0.7455211017666604
  },
  "feature_005": {
    "kind": "binary",
    "effect": -0.11875203744990603,
    "p": 0.04127028851517786
  },
  "feature_019": {
    "kind": "cont",
    "effect": 0.006327597794457312,
    "p": 0.1571058324075139
  },
  "feature_021": {
    "kind": "binary",
    "effect": -0.18983282790452582,
    "p": 9.089361392118945e-18
  },
  "feature_025": {
    "kind": "cont",
    "effect": 0.09908076357910715,
    "p": 2.7961246589659025e-109
  },
  "feature_032": {
    "kind": "cont",
    "effect": -0.018490103318895862,
    "p": 3.553213364491106e-05
  },
  "feature_017": {
    "kind": "cont",
    "effect": -0.12701266229496558,
    "p": 7.475659331179051e-179
  },
  "feature_024": {
    "kind": "cont",
    "effect": 0.0012710117210834593,
    "p": 0.7762572147932697
  },
  "feature_010": {
    "kind": "cont",
    "effect": 0.0036392447497597393,
    "p": 0.4157926449002599
  },
  "feature_012": {
    "kind": "binary",
    "effect": -0.03484272609733008,
    "p": 0.08108992032394734
  },
  "feature_018": {
    "kind": "binary",
    "effect": 0.3219517165667094,
    "p": 1.5635126570123772e-53
  },
  "feature_020": {
    "kind": "binary",
    "effect": -0.024828272067354717,
    "p": 0.2546117826300438
  },
  "feature_027": {
    "kind": "binary",
    "effect": 0.0035611227597165396,
    "p": 0.870262051463713
  },
  "feature_003": {
    "kind": "cont",
    "effect": -0.0014495553502711599,
    "p": 0.7458452954358766
  },
  "feature_030": {
    "kind": "cont",
    "effect": -0.006531968044431232,
    "p": 0.14413306635441617
  },
  "feature_008": {
    "kind": "cont",
    "effect": 0.0017122117957038482,
    "p": 0.7018288315362698
  },
  "feature_004": {
    "kind": "cont",
    "effect": -0.005750074365640923,
    "p": 0.19853584143806152
  },
  "feature_013": {
    "kind": "cont",
    "effect": -0.0037167125027050074,
    "p": 0.4059373208652693
  },
  "feature_026": {
    "kind": "cont",
    "effect": -0.005514891030056714,
    "p": 0.21752142105797234
  },
  "feature_029": {
    "kind": "cont",
    "effect": -0.00291998674440185,
    "p": 0.513811752686593
  },
  "feature_007": {
    "kind": "cont",
    "effect": 0.003173297961010878,
    "p": 0.4779801072637603
  },
  "feature_033": {
    "kind": "cont",
    "effect": 0.004342780493404549,
    "p": 0.33152062157291523
  },
  "feature_009": {
    "kind": "cont",
    "effect": -0.004741227611011051,
    "p": 0.28907628343344977
  }
}