{
  "r2": 0.8940017472775154,
  "coefs": {
    "feature_015": 0.1684296590144935,
    "feature_031": -0.20360453106002557,
    "feature_014": -1.1013204962316063,
    "feature_023": -1.4167859595606531,
    "feature_011": -0.9122003137038991,
    "feature_022": -0.0005230053891342084,
    "feature_016": 0.8923375290050493,
    "feature_028": -0.02866088393802111,
    "feature_002": -0.019202925464542574,
    "feature_005": -0.10999832944624373,
    "feature_019": 0.005769714333398951,
    "feature_021": -0.005387283498825959,
    "feature_025": 0.46270239642134436,
    "feature_032": -0.00044643544306322485,
    "feature_017": -0.0732072458436538,
    "feature_024": 0.0002129314051480286,
    "feature_010": -6.334062215025162e-05,
    "feature_012": -0.005598002052615344,
    "feature_018": 0.3228545890800869,
    "feature_020": 0.0023849816389605837,
    "feature_027": 0.0011048864390489606,
    "feature_003": -0.0009416108677944572,
    "feature_030": -4.742958080388271e-05,
    "feature_008": -0.00023303849260223678,
    "feature_004": 8.43895897781005e-05,
    "feature_013": 0.010415971523742395,
    "feature_026": 0.0009268106014750054,
    "feature_029": -0.0010417891411425406,
    "feature_007": 0.000616831501764169,
    "feature_033": -0.0008756942167447409,
    "feature_009": 0.0026302836115727445,
    "hist_squam": -0.7227817363917862,
    "smk_current": -2.088497906036056,
    "smk_former": -1.5372489130645803,
    "smk_never": -1.5429299517823263
  },
  "ses": {
    "feature_015": 0.0003291833625329681,
    "feature_031": 0.006543948376626538,
    "feature_014": 0.004796791068176096,
    "feature_023": 0.006809111217179907,
    "feature_011": 0.0074966722143038535,
    "feature_022": 0.011016872562881204,
    "feature_016": 0.009903139285797237,
    "feature_028": 0.015232671193876154,
    "feature_002": 0.00913605498858187,
    "feature_005": 0.018958258104207863,
    "feature_019": 0.015362514402746564,
    "feature_021": 0.007486231621908271,
    "feature_025": 0.006486795044944511,
    "feature_032": 4.0252482747049346e-05,
    "feature_017": 0.0008406870171643321,
    "feature_024": 0.00035731524363742954,
    "feature_010": 0.0015605184587481383,
    "feature_012": 0.006507137966676119,
    "feature_018": 0.006819152060402483,
    "feature_020": 0.0071006996927924955,
    "feature_027": 0.007103586496013058,
    "feature_003": 0.001813809000103162,
    "feature_030": 6.582578521893272e-05,
    "feature_008": 0.0002778968359448169,
    "feature_004": 0.00026702690879790283,
    "feature_013": 0.010291294177228965,
    "feature_026": 0.010924311672016036,
    "feature_029": 0.0006527607873952352,
    "feature_007": 0.001082562359077471,
    "feature_033": 0.006474773945159724,
    "feature_009": 0.006492261243956331,
    "hist_squam": 0.007582625713721086,
    "smk_current": 0.04346121111624223,
    "smk_former": 0.043276598219294395,
    "smk_never": 0.043726480648860304
  },
  "p": {
    "feature_015": 0.0,
    "feature_031": 1.6406226162843448e-210,
    "feature_014": 0.0,
    "feature_023": 0.0,
    "feature_011": 0.0,
    "feature_022": 0.9621363375491624,
    "feature_016": 0.0,
    "feature_028": 0.059904274089590565,
    "feature_002": 0.03556845344406257,
    "feature_005": 6.587079524388683e-09,
    "feature_019": 0.7072374752311897,
    "feature_021": 0.4717589463997641,
    "feature_025": 0.0,
    "feature_032": 1.5000515976557557e-28,
    "feature_017": 0.0,
    "feature_024": 0.5512311743837471,
    "feature_010": 0.9676233385911497,
    "feature_012": 0.3896353361974732,
    "feature_018": 0.0,
    "feature_020": 0.7369629157215668,
    "feature_027": 0.8763968502615744,
    "feature_003": 0.6036692355131739,
    "feature_030": 0.4712009115756862,
    "feature_008": 0.4017095262634648,
    "feature_004": 0.7519779996403583,
    "feature_013": 0.3114880504105483,
    "feature_026": 0.9323895149256567,
    "feature_029": 0.11050095813381473,
    "feature_007": 0.5688237687792723,
    "feature_033": 0.8924170758405733,
    "feature_009": 0.6853753334549104,
    "hist_squam": 0.0,
    "smk_current": 0.0,
    "smk_former": 5.858955958259989e-273,
    "smk_never": 2.01197778569465e-269
  }
}