{
  "rego_in_kras_0": {
    "coef": 1.6259834523788927,
    "p": 0.0,
    "n": 29102,
    "n_treated": 5816
  },
  "rego_in_kras_1": {
    "coef": -0.003579373189443456,
    "p": 0.2664033341057949,
    "n": 20898,
    "n_treated": 4206
  },
  "rego_interactions": {
    "sex_female": {
      "main_rego": 0.9221233415149954,
      "main_rego_p": 0.0,
      "interaction": 0.04623474399034816,
      "interaction_p": 0.016985626398928734
    },
    "stage_iv": {
      "main_rego": 0.9241548351119863,
      "main_rego_p": 0.0,
      "interaction": 0.03390739416031115,
      "interaction_p": 0.08019986978836584
    },
    "right_sided_primary": {
      "main_rego": 1.4548591747461608,
      "main_rego_p": 0.0,
      "interaction": -1.4625779974494026,
      "interaction_p": 0.0
    },
    "kras_mutation": {
      "main_rego": 1.6272090874476604,
      "main_rego_p": 0.0,
      "interaction": -1.6322988823218632,
      "interaction_p": 0.0
    },
    "nras_mutation": {
      "main_rego": 0.9154048231273201,
      "main_rego_p": 0.0,
      "interaction": 0.8884797798326892,
      "interaction_p": 1.5429346363355815e-57
    },
    "braf_v600e": {
      "main_rego": 0.9888805195829438,
      "main_rego_p": 0.0,
      "interaction": -0.9911132491613494,
      "interaction_p": 2.9844547839974224e-104
    },
    "msi_high": {
      "main_rego": 0.9466998942278723,
      "main_rego_p": 0.0,
      "interaction": -0.07628911407356596,
      "interaction_p": 0.08494705826735514
    },
    "her2_amplified": {
      "main_rego": 0.9444128477795223,
      "main_rego_p": 0.0,
      "interaction": -0.049056119946327546,
      "interaction_p": 0.3786112724776609
    },
    "ntrk_fusion": {
      "main_rego": 0.9419410442953923,
      "main_rego_p": 0.0,
      "interaction": 0.20456870046027098,
      "interaction_p": 0.14697478881865494
    },
    "_hi_age_years": {
      "interaction": 0.023394665979512067,
      "interaction_p": 0.22453066292546925
    },
    "_hi_cea_ng_ml": {
      "interaction": -1.640007079931155,
      "interaction_p": 0.0
    },
    "_hi_albumin_g_dl": {
      "interaction": -0.0813042388444566,
      "interaction_p": 2.609900197726382e-05
    },
    "_hi_ldh_u_l": {
      "interaction": 0.045275023828517405,
      "interaction_p": 0.018792333842124594
    },
    "_hi_weight_loss_pct_6mo": {
      "interaction": 0.01734680263034824,
      "interaction_p": 0.3680963990309001
    },
    "_hi_crp_mg_l": {
      "interaction": -0.03072495359555253,
      "interaction_p": 0.110909043613873
    },
    "_hi_nlr": {
      "interaction": 0.07575826750507574,
      "interaction_p": 8.437885249450892e-05
    },
    "_hi_hemoglobin_g_dl": {
      "interaction": 0.03245236713730869,
      "interaction_p": 0.09225749294455228
    },
    "_hi_calcium_mg_dl": {
      "interaction": -0.011947383872466324,
      "interaction_p": 0.5366543513588259
    },
    "_hi_alkaline_phosphatase_u_l": {
      "interaction": 0.023721247630221265,
      "interaction_p": 0.21844837888827276
    },
    "_hi_ast_u_l": {
      "interaction": -0.027090059223549214,
      "interaction_p": 0.15977599623791489
    },
    "_hi_alt_u_l": {
      "interaction": -0.026056834610512045,
      "interaction_p": 0.17636621145862066
    },
    "_hi_total_bilirubin_mg_dl": {
      "interaction": -0.044158540905079396,
      "interaction_p": 0.02194933700914816
    },
    "_hi_creatinine_mg_dl": {
      "interaction": 0.008602272363768768,
      "interaction_p": 0.6554015555273351
    },
    "_hi_bun_mg_dl": {
      "interaction": -0.0655858789544434,
      "interaction_p": 0.0006993106963923019
    },
    "_hi_sodium_meq_l": {
      "interaction": 0.027628070644040437,
      "interaction_p": 0.15622627603990621
    },
    "_hi_potassium_meq_l": {
      "interaction": -0.014613426705117488,
      "interaction_p": 0.449310865801928
    }
  },
  "treatment_regorafenib:C(ecog_ps)[T.1]": {
    "coef": -0.05994117181145561,
    "p": 0.004569761071321807
  },
  "treatment_regorafenib:C(ecog_ps)[T.2]": {
    "coef": -0.09730307196910858,
    "p": 0.0011197526607681985
  },
  "rego_in_kras_wt_unadj": {
    "diff": 1.6557227516021253,
    "p": 6.069502861177767e-293,
    "n_treated": 5816,
    "n_untreated": 23286
  },
  "all_interactions": {
    "treatment_cetuximab_x_sex_female": {
      "coef": -0.0021136671573619217,
      "p": 0.9087899859373487
    },
    "treatment_cetuximab_x_stage_iv": {
      "coef": -0.015652293104644062,
      "p": 0.3959749251124252
    },
    "treatment_cetuximab_x_right_sided_primary": {
      "coef": 0.025497306300982313,
      "p": 0.18509041455451222
    },
    "treatment_cetuximab_x_kras_mutation": {
      "coef": 0.024256642359840916,
      "p": 0.19251440829369174
    },
    "treatment_cetuximab_x_nras_mutation": {
      "coef": -0.08206426336196626,
      "p": 0.13170193869262012
    },
    "treatment_cetuximab_x_braf_v600e": {
      "coef": 0.01229763837247099,
      "p": 0.7790578508302471
    },
    "treatment_cetuximab_x_msi_high": {
      "coef": 0.023838126880217612,
      "p": 0.5707741303873257
    },
    "treatment_cetuximab_x_her2_amplified": {
      "coef": -0.007141060237366454,
      "p": 0.8937140797307728
    },
    "treatment_cetuximab_x_ntrk_fusion": {
      "coef": 0.06721397866112064,
      "p": 0.6176679861500294
    },
    "treatment_cetuximab_x_age_years": {
      "coef": -0.005010371110894113,
      "p": 0.7847739350384862
    },
    "treatment_cetuximab_x_albumin_g_dl": {
      "coef": -0.019391643740359957,
      "p": 0.2919190004715038
    },
    "treatment_cetuximab_x_ldh_u_l": {
      "coef": -0.019976484298640216,
      "p": 0.27628243338448016
    },
    "treatment_cetuximab_x_cea_ng_ml": {
      "coef": -0.0024780843601119778,
      "p": 0.8913110849636686
    },
    "treatment_cetuximab_x_weight_loss_pct_6mo": {
      "coef": 0.013454463441285616,
      "p": 0.46349907560472964
    },
    "treatment_cetuximab_x_nlr": {
      "coef": 0.0037662706418350326,
      "p": 0.837394374233283
    },
    "treatment_bevacizumab_x_sex_female": {
      "coef": -0.0071376193251254895,
      "p": 0.6751290196934523
    },
    "treatment_bevacizumab_x_stage_iv": {
      "coef": 0.0018015189129573254,
      "p": 0.9157076883299533
    },
    "treatment_bevacizumab_x_right_sided_primary": {
      "coef": -0.007721672136006108,
      "p": 0.6630673894134992
    },
    "treatment_bevacizumab_x_kras_mutation": {
      "coef": -0.008556904116422709,
      "p": 0.6181499842248763
    },
    "treatment_bevacizumab_x_nras_mutation": {
      "coef": 0.018639405610967424,
      "p": 0.7081846904424244
    },
    "treatment_bevacizumab_x_braf_v600e": {
      "coef": -0.028259419662286695,
      "p": 0.48932963782293004
    },
    "treatment_bevacizumab_x_msi_high": {
      "coef": 0.0687260832136086,
      "p": 0.07642637396776243
    },
    "treatment_bevacizumab_x_her2_amplified": {
      "coef": 0.07989104539237121,
      "p": 0.10737338388732812
    },
    "treatment_bevacizumab_x_ntrk_fusion": {
      "coef": 0.10818004608663663,
      "p": 0.3671635962419742
    },
    "treatment_bevacizumab_x_age_years": {
      "coef": -0.00573622001648522,
      "p": 0.7348065575744579
    },
    "treatment_bevacizumab_x_albumin_g_dl": {
      "coef": -0.041554413236065485,
      "p": 0.014400460452926934
    },
    "treatment_bevacizumab_x_ldh_u_l": {
      "coef": 0.006592354145317864,
      "p": 0.6970728104416389
    },
    "treatment_bevacizumab_x_cea_ng_ml": {
      "coef": -0.0038848212469648445,
      "p": 0.816425995447398
    },
    "treatment_bevacizumab_x_weight_loss_pct_6mo": {
      "coef": -0.008005869531375408,
      "p": 0.6364680686849161
    },
    "treatment_bevacizumab_x_nlr": {
      "coef": 0.0007012010407669508,
      "p": 0.966972691247807
    },
    "treatment_pembrolizumab_x_sex_female": {
      "coef": 0.012863106584453544,
      "p": 0.5847793991046489
    },
    "treatment_pembrolizumab_x_stage_iv": {
      "coef": -0.011070162635184417,