{
  "it1_ecog": [
    -1.1896680457304332,
    0.0
  ],
  "it1_stage": [
    -1.352001241698903,
    0.0
  ],
  "it1_sex": [
    -0.006023315423925185,
    0.7702437270541809
  ],
  "it2_age": [
    0.1765016145102221,
    0.0
  ],
  "it2_right": [
    -0.3052066309179393,
    5.22648297851069e-46
  ],
  "it3_kras_mutation": [
    -0.3267730190670124,
    8.52825452182431e-56
  ],
  "it3_braf_v600e": [
    -0.2278697107697431,
    3.6853526844667027e-06
  ],
  "it3_nras_mutation": [
    0.2211079310860726,
    0.00022826087736192816
  ],
  "it3_msi_high": [
    -0.019225840858952317,
    0.6820893035340125
  ],
  "it4_albumin_g_dl": [
    0.46536309401261283,
    3.2487664213445643e-115
  ],
  "it4_cea_ng_ml": [
    -0.0053464850537506825,
    3.1308680243791504e-17
  ],
  "it4_weight_loss_pct_6mo": [
    -0.07301510767413794,
    2.2067463507324563e-167
  ],
  "it4_ldh_u_l": [
    -0.00031686295352552964,
    0.012556421777198071
  ],
  "it5_crp_mg_l": [
    -0.002024905410527107,
    0.06496317909353287
  ],
  "it5_nlr": [
    0.005224822544929243,
    0.28963717062271355
  ],
  "it5_her2_amplified": [
    -0.05562764121924771,
    0.3541538621608756
  ],
  "it5_ntrk_fusion": [
    0.039949091484736174,
    0.7830686640737229
  ],
  "it6_treatment_cetuximab": [
    -0.03795602612888249,
    0.08801372958665916,
    4.285110595045989,
    4.323066621174871
  ],
  "it6_treatment_bevacizumab": [
    -0.019097964030388326,
    0.35440736707411286,
    4.3010720324829,
    4.320169996513289
  ],
  "it6_treatment_pembrolizumab": [
    0.005186669255706988,
    0.8556953074438376,
    4.316012673461178,
    4.310826004205471
  ],
  "it6_treatment_encorafenib": [
    0.005400886234546931,
    0.8725186558849393,
    4.3164694095790965,
    4.31106852334455
  ],
  "it6_treatment_trastuzumab_tucatinib": [
    -0.043643077063366675,
    0.24352913381705063,
    4.27149777546801,
    4.315140852531377
  ],
  "it6_treatment_regorafenib": [
    0.9721617117797638,
    1.7088416373826197e-216,
    5.088922220206073,
    4.116760508426309
  ],
  "it7_pembro_msi": [
    0.001953162037948597,
    0.9879109945431354,
    0.007072049550059134,
    0.9567847819114561,
    2513
  ],
  "it8_enc_braf": [
    -0.14133316789888054,
    0.3762146363964716,
    -0.12878771016711132,
    0.32914081276461554,
    2272
  ],
  "it8_combo": [
    0.05810656445577855,
    0.8351266673477566,
    58,
    2214
  ],
  "it9_tras_her2": [
    0.06250776364779324,
    0.7778213136279816,
    0.016983323681058593,
    0.9344006069047293,
    1504
  ],
  "it10_cetux_canon": [
    -0.06674707844160288,
    0.12464500894450645,
    16443
  ],
  "it11_rego_kras_mutation": [
    -1.628773349766858,
    7.691243984854397e-226,
    0.026949401835360653,
    0.45568237120953775,
    1.6557227516021253,
    6.069502861177767e-293
  ],
  "it11_rego_braf_v600e": [
    -1.1829461530831316,
    6.128318616977901e-23,
    -0.15555954963348784,
    0.13364786941681436,
    1.027386603449746,
    5.198612447166873e-226
  ],
  "it11_rego_right_sided_primary": [
    -1.4541275116071173,
    4.0794997753503195e-168,
    0.02551080555384999,
    0.5158455975850641,
    1.479638317160867,
    3.719631634706187e-274
  ],
  "it12_rego_joint": [
    2.7579100652665067,
    0.0,
    0.030162253150397333,
    0.29415000119757806,
    17372,
    32628
  ],
  "it13_rego_cea_full": [
    -0.02527061366289495,
    8.65543144001228e-58
  ],
  "it13_rego_cea_sub": [
    -0.0649159441070623,
    7.367756093919766e-136
  ],
  "it13_rego_ecog": [
    [
      0,
      0.9245424870176073,
      5.187142467739724e-76,
      17592
    ],
    [
      1,
      0.9949156448619663,
      3.770279986602235e-122,
      24971
    ],
    [
      2,
      0.8963012134307369,
      2.9431892581772944e-34,
      7437
    ]
  ],
  "it14_thresh_3": [
    5.030791551271044,
    0.0,
    1.3272805591122143,
    1.8906022417968477e-79,
    6436,
    10936
  ],
  "it14_thresh_4": [
    5.043213860343426,
    0.0,
    0.6892585804329521,
    7.355663043118545e-25,
    8054,
    9318
  ],
  "it14_thresh_5": [
    5.013331426802705,
    0.0,
    0.005303730508193105,
    0.9266572339568816,
    9326,
    8046
  ],
  "it14_thresh_6": [
    4.545371942922843,
    0.0,
    -0.017906504103383014,
    0.7714827871828177,
    10398,
    6974
  ],
  "it14_thresh_7": [
    4.1336839172313535,
    0.0,
    0.021322305892589988,
    0.750843363468384,
    11278,
    6094
  ],
  "it14_thresh_8": [
    3.901341064189663,
    0.0,
    -0.004451773272673876,
    0.9505309862186299,
    11998,
    5374
  ],
  "it14_thresh_10": [
    3.615706146612432,
    0.0,
    -0.014522219935503067,
    0.8573143769813127,
    13070,
    4302
  ],
  "it15_rego_4pred": [
    5.013331426802705,
    0.0,
    0.02514101240300093,
    0.328479798333119,
    9326,
    40674,
    9.101399850871877,
    4.088068424069172
  ],
  "it16_nras_0": [
    2.748977310576172,
    0.0,
    16443
  ],
  "it16_nras_1": [
    2.9063395664677545,
    7.071619178258949e-25,
    929
  ],
  "it17_scan": [
    [
      "treatment_pembrolizumab",
      "crp_mg_l",
      -0.006813253502724778,
      0.020474232281725308
    ],
    []
  ],
  "it18_bin_scan": [
    [
      "treatment_bevacizumab",
      "braf_v600e",
      -0.22760728296054134,
      0.02217984969596824
    ],
    [
      [
        "treatment_bevacizumab",
        "braf_v600e",
        -0.22760728296054134,
        0.02217984969596824
      ],
      [
        "treatment_pembrolizumab",
        "right_sided_primary",
        -0.11626882891580938,
        0.049846030925244915
      ]
    ]
  ],
  "it18_cate": {
    "treatment_cetuximab": 0.1638594626374684,
    "treatment_bevacizumab": 0.1529655018190024,
    "treatment_pembrolizumab": 0.18730701516708978,
    "treatment_encorafenib": 0.21949022890225434,
    "treatment_trastuzumab_tucatinib": 0.24496085610107143
  },
  "it19_right_kras": [
    0.45166879966545487,
    1.6678264630988144e-25
  ],
  "it19_alb_stage": [
    0.03233539103075125,
    0.40837222710009285
  ],
  "it19_w_ecog": [
    0.001955637998822623,
    0.5918552242135008
  ],
  "it20_mv": [
    0.8586310979853649,
    {
      "treatment_cetuximab": [
        -0.01101668329784676,
        0.19004723465927734
      ],
      "treatment_bevacizumab": [
        0.0026413601518212194,
        0.7335254229889586
      ],
      "treatment_pembrolizumab": [
        0.0002928316562234002,
        0.9781909668166362
      ],
      "treatment_encorafenib": [
        0.006079341592188104,
        0.6330856037816713
      ],
      "treatment_trastuzumab_tucatinib": [
        0.025755947926083513,
        0.06908587362664466
      ],
      "treatment_regorafenib": [
        0.9430524230351762,
        0.0
      ]
    },
    [
      0.17584501382067153,
      0.0
    ]
  ],
  "it20_key": {
    "ecog_ps": [
      -1.1712003654436562,
      0.0
    ],
    "stage_iv": [
      -1.3616056099696374,
      0.0
    ],
    "albumin_g_dl": [
      0.4692002865358922,
      0.0
    ],
    "kras_mutation": [
      -0.3542222939845865,
      0.0
    ],
    "braf_v600e": [
      -0.3564771120723123,
      3.958572310740916e-79
    ],
    "right_sided_primary": [
      -0.2866774297637592,
      8.843463474416941e-273
    ],
    "age_years": [
      0.17584501382067153,
      0.0
    ],
    "weight_loss_pct_6mo": [
      -0.07605740459086333,
      0.0
    ],
    "cea_ng_ml": [
      -0.0050038120478514084,
      2.0031463204447506e-97
    ]
  },
  "it21_se_inter": [
    0.06334915461163562,
    0.019141923410494182
  ],
  "it21_groups": [
    6.044247081589028,
    3.1894487707057526
  ],
  "it22_pairs": [
    [
      "treatment_cetuximab",
      "treatment_pembrolizumab",
      -0.1209607300517513,
      0.05130928044113147
    ],
    []
  ],
  "it23": [
    1.87897800563754,
    {
      "right_sided_primary": 0.39412066625337777,
      "kras_mutation": 0.3171923504319455,
      "cea_ng_ml": 0.20605135056923085,