{
  "left_kraswt_brafwt": {
    "effect": 2.7579100652665067,
    "p": 0.0,
    "n_t": 3461,
    "n_u": 13911,
    "mean_t": 6.875081908149143,
    "mean_u": 4.1171718428826365
  },
  "left_kraswt_brafwt_cealow": {
    "effect": 5.0332535669718865,
    "p": 0.0,
    "n_t": 1784,
    "n_u": 6872,
    "mean_t": 9.116157996395419,
    "mean_u": 4.082904429423532
  },
  "left_kraswt_brafwt_ceahigh": {
    "effect": 0.34038901311094527,
    "p": 5.8931302012452804e-08,
    "n_t": 1677,
    "n_u": 7039,
    "mean_t": 4.491015276407129,
    "mean_u": 4.150626263296184
  },
  "left_kraswt_brafwt_nraswt": {
    "effect": 2.748977310576172,
    "p": 0.0,
    "n_t": 3264,
    "n_u": 13179,
    "mean_t": 6.866446530522558,
    "mean_u": 4.117469219946386
  },
  "left_kraswt_brafwt_nraswt_cealow": {
    "effect": 5.020267738129235,
    "p": 0.0,
    "n_t": 1681,
    "n_u": 6521,
    "mean_t": 9.10551624800023,
    "mean_u": 4.085248509870995
  },
  "rightsided_only": {
    "effect": 0.02551080555384999,
    "p": 0.5158455975850641,
    "n_t": 3498,
    "n_u": 14159,
    "mean_t": 4.1346515413698945,
    "mean_u": 4.1091407358160446
  },
  "kras_mut_only": {
    "effect": 0.026949401835360653,
    "p": 0.45568237120953775,
    "n_t": 4206,
    "n_u": 16692,
    "mean_t": 4.1429511107784265,
    "mean_u": 4.116001708943066
  },
  "braf_v600e_only": {
    "effect": -0.15555954963348784,
    "p": 0.13364786941681436,
    "n_t": 468,
    "n_u": 1804,
    "mean_t": 3.970588817434518,
    "mean_u": 4.126148367068006
  },
  "cea_high_only": {
    "effect": 0.13461323383004942,
    "p": 7.74994891368348e-05,
    "n_t": 5000,
    "n_u": 19976,
    "mean_t": 4.2619241421813445,
    "mean_u": 4.127310908351295
  },
  "left_kraswt_brafwt_ceahigh_check": {
    "effect": 0.34038901311094527,
    "p": 5.8931302012452804e-08,
    "n_t": 1677,
    "n_u": 7039,
    "mean_t": 4.491015276407129,
    "mean_u": 4.150626263296184
  },
  "right_kraswt_brafwt_cealow_check": {
    "effect": 0.10961014574941963,
    "p": 0.1509162334040526,
    "n_t": 944,
    "n_u": 3831,
    "mean_t": 4.197608232603381,
    "mean_u": 4.087998086853961
  },
  "left_krasmut_brafwt_cealow_check": {
    "effect": 0.05579435416109746,
    "p": 0.37590463997030826,
    "n_t": 1365,
    "n_u": 5372,
    "mean_t": 4.195945923565597,
    "mean_u": 4.1401515694045
  },
  "left_kraswt_brafmut_cealow_check": {
    "effect": -0.24139238339856872,
    "p": 0.2211657705503278,
    "n_t": 142,
    "n_u": 581,
    "mean_t": 3.893762200889103,
    "mean_u": 4.135154584287672
  },
  "interaction_test": {
    "rego_main_outside": 0.09300623689883027,
    "rego_main_outside_p": 0.00031830490666638937,
    "subgroup_main": -0.040883777151278916,
    "interaction_coef": 4.940247330072728,
    "interaction_p": 0.0,
    "rego_in_subgroup": 5.033253566971558
  },
  "interaction_adj": {
    "rego_main_outside": 0.06884540019978747,
    "rego_main_outside_p": 1.0425406975911209e-73,
    "interaction_coef": 4.912119572854196,
    "interaction_p": 0.0,
    "rego_in_subgroup": 4.980964973053983
  }
}