{
  "rego_left_KRASWT_BRAFWT": {
    "n_tx": 3461,
    "n_ctrl": 13911,
    "mean_tx": 6.875081908149143,
    "mean_ctrl": 4.1171718428826365,
    "diff": 2.7579100652665067,
    "p": 0.0
  },
  "rego_complement": {
    "n_tx": 6561,
    "n_ctrl": 26067,
    "mean_tx": 4.146703247492924,
    "mean_ctrl": 4.116540994342527,
    "diff": 0.030162253150397333,
    "p": 0.29415000119757806
  },
  "rego_right_KRASWT_BRAFWT": {
    "n_tx": 1887,
    "n_ctrl": 7571,
    "mean_tx": 4.198745134238296,
    "mean_ctrl": 4.115440750186014,
    "diff": 0.08330438405228158,
    "p": 0.11852538473647083
  },
  "rego_left_KRASmut_BRAFWT": {
    "n_tx": 2761,
    "n_ctrl": 10729,
    "mean_tx": 4.185000934492944,
    "mean_ctrl": 4.123714159240429,
    "diff": 0.06128677525251458,
    "p": 0.16940788428405532
  },
  "rego_left_KRASWT_BRAFmut": {
    "n_tx": 302,
    "n_ctrl": 1179,
    "mean_tx": 3.936163360775405,
    "mean_ctrl": 4.140136731651152,
    "diff": -0.20397337087574696,
    "p": 0.11908805181005729
  },
  "rego_right_KRASmut": {
    "n_tx": 1445,
    "n_ctrl": 5963,
    "mean_tx": 4.062605392248473,
    "mean_ctrl": 4.102124989298522,
    "diff": -0.039519597050048816,
    "p": 0.5211126903930063
  },
  "rego_left_panWT": {
    "n_tx": 3264,
    "n_ctrl": 13179,
    "mean_tx": 6.866446530522558,
    "mean_ctrl": 4.117469219946386,
    "diff": 2.748977310576172,
    "p": 0.0
  },
  "rego_left_NRASmut_only": {
    "n_tx": 197,
    "n_ctrl": 732,
    "mean_tx": 7.0181574034444365,
    "mean_ctrl": 4.111817836976682,
    "diff": 2.9063395664677545,
    "p": 7.071619178258949e-25
  },
  "rego: right=0, kras=0, braf=0": {
    "n_tx": 3461,
    "n_ctrl": 13911,
    "mean_tx": 6.875081908149143,
    "mean_ctrl": 4.1171718428826365,
    "diff": 2.7579100652665067,
    "p": 0.0
  },
  "rego: right=0, kras=0, braf=1": {
    "n_tx": 302,
    "n_ctrl": 1179,
    "mean_tx": 3.936163360775405,
    "mean_ctrl": 4.140136731651152,
    "diff": -0.20397337087574696,
    "p": 0.11908805181005729
  },
  "rego: right=0, kras=1, braf=0": {
    "n_tx": 2761,
    "n_ctrl": 10729,
    "mean_tx": 4.185000934492944,
    "mean_ctrl": 4.123714159240429,
    "diff": 0.06128677525251458,
    "p": 0.16940788428405532
  },
  "rego: right=1, kras=0, braf=0": {
    "n_tx": 1887,
    "n_ctrl": 7571,
    "mean_tx": 4.198745134238296,
    "mean_ctrl": 4.115440750186014,
    "diff": 0.08330438405228158,
    "p": 0.11852538473647083
  },
  "rego: right=1, kras=0, braf=1": {
    "n_tx": 166,
    "n_ctrl": 625,
    "mean_tx": 4.033218262681822,
    "mean_ctrl": 4.09976071611836,
    "diff": -0.0665424534365382,
    "p": 0.695893206268942
  },
  "rego: right=1, kras=1, braf=0": {
    "n_tx": 1445,
    "n_ctrl": 5963,
    "mean_tx": 4.062605392248473,
    "mean_ctrl": 4.102124989298522,
    "diff": -0.039519597050048816,
    "p": 0.5211126903930063
  }
}