{
  "rego_RASwt_BRAFwt": {
    "n": 25324,
    "n_treated": 5035,
    "coef": 1.8070098291509964,
    "p": 0.0,
    "mean_treated": 5.923070322471749,
    "mean_untreated": 4.116060493320845
  },
  "rego_RASwt_BRAFwt_LEFT": {
    "n": 16443,
    "n_treated": 3264,
    "coef": 2.748977310576148,
    "p": 0.0,
    "mean_treated": 6.866446530522558,
    "mean_untreated": 4.117469219946386
  },
  "rego_LEFT_only": {
    "n": 32343,
    "n_treated": 6524,
    "coef": 1.4796383171608511,
    "p": 0.0,
    "mean_treated": 5.600577467687518,
    "mean_untreated": 4.1209391505266515
  },
  "rego_LEFT_KRASwt": {
    "n": 18853,
    "n_treated": 3763,
    "coef": 2.5202525429005767,
    "p": 0.0,
    "mean_treated": 6.639218660392866,
    "mean_untreated": 4.118966117492184
  },
  "rego_LEFT_KRASwt_BRAFwt": {
    "n": 17372,
    "n_treated": 3461,
    "coef": 2.757910065266634,
    "p": 0.0,
    "mean_treated": 6.875081908149143,
    "mean_untreated": 4.1171718428826365
  },
  "rego_RASwt_BRAFwt_LEFT_CEAlow": {
    "n": 8202,
    "n_treated": 1681,
    "coef": 5.020267738129427,
    "p": 0.0,
    "mean_treated": 9.10551624800023,
    "mean_untreated": 4.085248509870995
  },
  "rego_RASwt_BRAFwt_LEFT_CEAhigh": {
    "n": 8241,
    "n_treated": 1583,
    "coef": 0.3397340673010299,
    "p": 1.3453137145714967e-08,
    "mean_treated": 4.488760999834012,
    "mean_untreated": 4.149026932532992
  },
  "rego_RASwt_BRAFwt_LEFT_CEAhigh_tertile": {
    "n": 5447,
    "n_treated": 1035,
    "coef": -0.00681630985029043,
    "p": 0.924080265670605,
    "mean_treated": 4.159041322540143,
    "mean_untreated": 4.1658576323904315
  },
  "rego_RASwt_BRAFwt_LEFT_CEAlowmid": {
    "n": 10996,
    "n_treated": 2229,
    "coef": 4.030468518688487,
    "p": 0.0,
    "mean_treated": 8.12358623005679,
    "mean_untreated": 4.093117711368408
  },
  "rego_RASwt_BRAFwt_LEFT_CEAlow_tertile": {
    "n": 5438,
    "n_treated": 1131,
    "coef": 5.061340240149644,
    "p": 0.0,
    "mean_treated": 9.168203339781371,
    "mean_untreated": 4.106863099631657
  },
  "rego_overall_CEAhigh_tertile": {
    "n": 16982,
    "n_treated": 3361,
    "coef": 0.019382872607163287,
    "p": 0.6283515178001118,
    "mean_treated": 4.148055253146047,
    "mean_untreated": 4.128672380538881
  },
  "rego_overall_CEAnonhigh": {
    "n": 33018,
    "n_treated": 6661,
    "coef": 1.4530592446023125,
    "p": 0.0,
    "mean_treated": 5.563663832019427,
    "mean_untreated": 4.110604587416887
  },
  "adj_rego_RASwt_BRAFwt_LEFT": {
    "n": 16443,
    "coef": 2.712375863978835,
    "p": 0.0
  },
  "adj_rego_RASwt_BRAFwt_LEFT_CEAnonhigh": {
    "n": 10996,
    "coef": 3.9828566254011726,
    "p": 0.0
  },
  "rego_threeway_KRAS_RIGHT": {
    "Intercept": {
      "coef": -7.377946181765179,
      "p": 0.0
    },
    "treatment_regorafenib": {
      "coef": 2.502237517891799,
      "p": 0.0
    },
    "kras_mutation": {
      "coef": -0.03303084854262574,
      "p": 0.0006732960461752902
    },
    "treatment_regorafenib:kras_mutation": {
      "coef": -2.50972854282747,
      "p": 0.0
    },
    "right_sided_primary": {
      "coef": -0.0025857541703103405,
      "p": 0.8047491985134634
    },
    "treatment_regorafenib:right_sided_primary": {
      "coef": -2.493507734065223,
      "p": 0.0
    },
    "kras_mutation:right_sided_primary": {
      "coef": 0.00631214452777285,
      "p": 0.6960127809053555
    },
    "treatment_regorafenib:kras_mutation:right_sided_primary": {
      "coef": 2.5061351102185525,
      "p": 0.0
    },
    "braf_v600e": {
      "coef": -0.36090853857328764,
      "p": 1.2242620422786242e-103
    },
    "age_years": {
      "coef": 0.17604636539528504,
      "p": 0.0
    },
    "ecog_ps": {
      "coef": -1.1700527439251465,
      "p": 0.0
    },
    "stage_iv": {
      "coef": -1.3524454407383117,
      "p": 0.0
    },
    "albumin_g_dl": {
      "coef": 0.47626938603591035,
      "p": 0.0
    },
    "cea_ng_ml": {
      "coef": -0.004848760500158988,
      "p": 1.2173533296608404e-116
    }
  },
  "rego_joint_modifier_model": {
    "Intercept": {
      "coef": -7.439654708973016,
      "p": 0.0
    },
    "treatment_regorafenib": {
      "coef": 2.494594329940187,
      "p": 0.0
    },
    "kras_mutation": {
      "coef": -0.0025816045817592965,
      "p": 0.7501470680830331
    },
    "treatment_regorafenib:kras_mutation": {
      "coef": -1.763821946267866,
      "p": 0.0
    },
    "braf_v600e": {
      "coef": 0.0003469149464243211,
      "p": 0.98551048600402
    },
    "treatment_regorafenib:braf_v600e": {
      "coef": -1.75961459041688,
      "p": 0.0
    },
    "right_sided_primary": {
      "coef": 0.0003072680215156342,
      "p": 0.969871238782817
    },
    "treatment_regorafenib:right_sided_primary": {
      "coef": -1.4505497370863285,
      "p": 0.0
    },
    "cea_ng_ml": {
      "coef": 7.385225586193332e-07,
      "p": 0.9975381479768541
    },
    "treatment_regorafenib:cea_ng_ml": {
      "coef": -0.0245785967746641,
      "p": 0.0
    },
    "age_years": {
      "coef": 0.17574920960814347,
      "p": 0.0
    },
    "sex_female": {
      "coef": 0.01276692807269431,
      "p": 0.06806011620881885
    },
    "ecog_ps": {
      "coef": -1.167715671861363,
      "p": 0.0
    },
    "stage_iv": {
      "coef": -1.3513195648505643,
      "p": 0.0
    },
    "albumin_g_dl": {
      "coef": 0.4761811735184226,
      "p": 0.0
    },
    "nras_mutation": {
      "coef": 0.004160487288552086,
      "p": 0.8401952468874079
    },
    "msi_high": {
      "coef": -0.005293926332034833,
      "p": 0.7395387823169481
    },
    "her2_amplified": {
      "coef": -0.013325392692727943,
      "p": 0.5129591287006536
    },
    "ntrk_fusion": {
      "coef": 0.0045187546844998455,
      "p": 0.9268594932024568
    }
  },
  "rego_FINAL_KRASwt_BRAFwt_LEFT_CEAnonhigh": {
    "n": 11610,
    "n_treated": 2366,
    "coef": 4.042492911447648,
    "p": 0.0,
    "mean_treated": 8.135032840405577,
    "mean_untreated": 4.092539928957829
  },
  "adj_rego_FINAL_KRASwt_BRAFwt_LEFT_CEAnonhigh": {
    "n": 11610,
    "coef": 3.9900016578939,
    "p": 0.0
  },
  "rego_nras_check": {
    "interaction_coef": 0.9830671340313499,
    "interaction_p": 1.2010470514426566e-11
  },
  "rego_NRASmut": {
    "n": 1506,
    "n_treated": 313,
    "coef": 1.9293272686619012,
    "p": 1.5136258805279433e-35,
    "mean_treated": 6.054413670180801,
    "mean_untreated": 4.125086401518895
  },
  "rego_NRASmut_KRASwt": {
    "n": 1506,
    "n_treated": 313,
    "coef": 1.9293272686619012,
    "p": 1.5136258805279433e-35,
    "mean_treated": 6.054413670180801,
    "mean_untreated": 4.125086401518895
  },
  "rego_NRASwt_KRASwt_BRAFwt_LEFT": {
    "n": 16443,
    "n_treated": 3264,
    "coef": 2.748977310576148,
    "p": 0.0,
    "mean_treated": 6.866446530522558,
    "mean_untreated": 4.117469219946386
  },
  "cetux_RASwt_BRAFwt_LEFT_CEAnonhigh": {
    "n": 10996,
    "n_treated": 3379,
    "coef": -0.10051035678142536,
    "p": 0.08166363267900682,
    "mean_treated": 4.840510121385898,
    "mean_untreated": 4.94102047816732
  }
}