{
  "egfr_like_rego": {
    "diff": 2.7579100652665067,
    "p": 0.0,
    "n_treated": 3461,
    "n_untreated": 13911
  },
  "non_egfr_like_rego": {
    "diff": 0.030162253150397333,
    "p": 0.29415000119757806,
    "n_treated": 6561,
    "n_untreated": 26067
  },
  "adj_treatment_regorafenib": {
    "coef": 2.290005690822713,
    "p": 0.0
  },
  "adj_treatment_regorafenib:kras_mutation": {
    "coef": -1.7872991156883167,
    "p": 0.0
  },
  "adj_treatment_regorafenib:braf_v600e": {
    "coef": -1.7698922231165692,
    "p": 0.0
  },
  "adj_treatment_regorafenib:right_sided_primary": {
    "coef": -1.4737794974831946,
    "p": 0.0
  },
  "full_profile_rego": {
    "diff": 5.03019764761659,
    "p": 0.0,
    "n_treated": 1782,
    "n_untreated": 6858
  },
  "non_full_profile_rego": {
    "diff": 0.09485988261726686,
    "p": 0.0003047095132080744,
    "n_treated": 8240,
    "n_untreated": 33120
  },
  "final_treatment_regorafenib": {
    "coef": 3.067682730560028,
    "p": 0.0
  },
  "final_treatment_regorafenib:kras_mutation": {
    "coef": -1.7594756994068117,
    "p": 0.0
  },
  "final_treatment_regorafenib:braf_v600e": {
    "coef": -1.708894922256694,
    "p": 0.0
  },
  "final_treatment_regorafenib:right_sided_primary": {
    "coef": -1.4584374818521062,
    "p": 0.0
  },
  "final_treatment_regorafenib:_cea_hi": {
    "coef": -1.598479568241304,
    "p": 0.0
  },
  "cet_in_egfr_like": {
    "diff": -0.06674707844160288,
    "p": 0.12464500894450645,
    "n_treated": 5067,
    "n_untreated": 11376
  },
  "pembro_in_msi": {
    "diff": 0.007072049550059134,
    "p": 0.9567847819114561,
    "n_treated": 396,
    "n_untreated": 2117
  },
  "enco_in_braf": {
    "diff": -0.12878771016711132,
    "p": 0.32914081276461554,
    "n_treated": 242,
    "n_untreated": 2030
  },
  "tt_in_her2": {
    "diff": 0.016983323681058593,
    "p": 0.9344006069047293,
    "n_treated": 120,
    "n_untreated": 1384
  }
}