{
  "iteration_1": {
    "age": {
      "coef": 0.17650161451022284,
      "p": 0.0,
      "ci": [
        0.1752036394725342,
        0.17779958954791147
      ]
    },
    "sex_female": {
      "mean_pos": 4.308292238298493,
      "mean_neg": 4.314315553722418,
      "diff": -0.006023315423925091,
      "n_pos": 22371,
      "n_neg": 27629,
      "t": -0.2920244426265865,
      "p": 0.7702692019715673
    },
    "stage_iv": {
      "mean_pos": 3.7027062826990917,
      "mean_neg": 5.0547075243979975,
      "diff": -1.3520012416989058,
      "n_pos": 27481,
      "n_neg": 22519,
      "t": -68.49067699424133,
      "p": 0.0
    },
    "ecog": {
      "coef_1_vs_0": -1.217630358891102,
      "p_1_vs_0": 0.0,
      "coef_2_vs_0": -2.363486449903741,
      "p_2_vs_0": 0.0,
      "f_p": 0.0
    }
  },
  "iteration_2": {
    "cea_ng_ml": {
      "coef": -0.00534648505375069,
      "p": 3.130868024380159e-17,
      "n": 50000
    },
    "albumin_g_dl": {
      "coef": 0.4653630940126135,
      "p": 3.2487664213341173e-115,
      "n": 50000
    },
    "ldh_u_l": {
      "coef": -0.00031686295352552807,
      "p": 0.012556421777198392,
      "n": 50000
    },
    "weight_loss_pct_6mo": {
      "coef": -0.07301510767413902,
      "p": 2.206746350728477e-167,
      "n": 50000
    },
    "crp_mg_l": {
      "coef": -0.0020249054105271488,
      "p": 0.06496317909352592,
      "n": 50000
    },
    "nlr": {
      "coef": 0.005224822544929091,
      "p": 0.2896371706227225,
      "n": 50000
    },
    "hemoglobin_g_dl": {
      "coef": -0.01008533992698999,
      "p": 0.07768877928776814,
      "n": 50000
    },
    "alkaline_phosphatase_u_l": {
      "coef": -0.0005948892601470447,
      "p": 0.004134760774735623,
      "n": 50000
    },
    "ast_u_l": {
      "coef": 0.0008669469444842654,
      "p": 0.3222079308945916,
      "n": 50000
    },
    "alt_u_l": {
      "coef": -0.0007828810702261138,
      "p": 0.352295593402603,
      "n": 50000
    },
    "total_bilirubin_mg_dl": {
      "coef": -0.06531248211085432,
      "p": 0.044042402829101115,
      "n": 50000
    },
    "creatinine_mg_dl": {
      "coef": -0.0457066758774865,
      "p": 0.18431854330214847,
      "n": 50000
    },
    "bun_mg_dl": {
      "coef": -0.001984134120471765,
      "p": 0.334798947351121,
      "n": 50000
    },
    "sodium_meq_l": {
      "coef": -0.0005531039625640619,
      "p": 0.871221182840099,
      "n": 50000
    },
    "potassium_meq_l": {
      "coef": 0.03912517103839039,
      "p": 0.05518254331978198,
      "n": 50000
    },
    "calcium_mg_dl": {
      "coef": -0.03308294255575624,
      "p": 0.10587017061811228,
      "n": 50000
    }
  },
  "iteration_3": {
    "right_sided_primary": {
      "mean_pos": 4.114194640659866,
      "mean_neg": 4.419401271577806,
      "diff": -0.3052066309179402,
      "n_pos": 17657,
      "n_neg": 32343,
      "t": -14.84288900595031,
      "p": 1.0437227587012202e-49
    },
    "kras_mutation": {
      "mean_pos": 4.121425633917682,
      "mean_neg": 4.4481986529846935,
      "diff": -0.3267730190670113,
      "n_pos": 20898,
      "n_neg": 29102,
      "t": -16.141244293599144,
      "p": 1.8615258128025077e-58
    },
    "nras_mutation": {
      "mean_pos": 4.526068762137205,
      "mean_neg": 4.304960831051133,
      "diff": 0.22110793108607218,
      "n_pos": 1506,
      "n_neg": 48494,
      "t": 3.3842174963956824,
      "p": 0.000731237769562676
    },
    "braf_v600e": {
      "mean_pos": 4.09410529082308,
      "mean_neg": 4.321975001592822,
      "diff": -0.22786971076974183,
      "n_pos": 2272,
      "n_neg": 47728,
      "t": -5.109254423016968,
      "p": 3.473876309642735e-07
    },
    "msi_high": {
      "mean_pos": 4.293361051838064,
      "mean_neg": 4.312586892697016,
      "diff": -0.019225840858952736,
      "n_pos": 2513,
      "n_neg": 47487,
      "t": -0.412029869271375,
      "p": 0.680349204413334
    },
    "her2_amplified": {
      "mean_pos": 4.257666240164073,
      "mean_neg": 4.31329388138332,
      "diff": -0.055627641219246904,
      "n_pos": 1504,
      "n_neg": 48496,
      "t": -0.9149905126033449,
      "p": 0.36033490664362416
    },
    "ntrk_fusion": {
      "mean_pos": 4.351369148980928,
      "mean_neg": 4.311420057496192,
      "diff": 0.03994909148473624,
      "n_pos": 251,
      "n_neg": 49749,
      "t": 0.2715586075906258,
      "p": 0.7861833575452978
    }
  },
  "iteration_4": {
    "treatment_cetuximab": {
      "mean_pos": 4.285110595045989,
      "mean_neg": 4.323066621174871,
      "diff": -0.03795602612888249,
      "n_pos": 15078,
      "n_neg": 34922,
      "t": -1.706027387479361,
      "p": 0.08801372958665916
    },
    "treatment_bevacizumab": {
      "mean_pos": 4.3010720324829,
      "mean_neg": 4.320169996513289,
      "diff": -0.019097964030388326,
      "n_pos": 22383,
      "n_neg": 27617,
      "t": -0.9260832861849989,
      "p": 0.35440736707411286
    },
    "treatment_pembrolizumab": {
      "mean_pos": 4.316012673461178,
      "mean_neg": 4.310826004205471,
      "diff": 0.005186669255706988,
      "n_pos": 7660,
      "n_neg": 42340,
      "t": 0.18186097535101586,
      "p": 0.8556953074438376
    },
    "treatment_encorafenib": {
      "mean_pos": 4.3164694095790965,
      "mean_neg": 4.31106852334455,
      "diff": 0.005400886234546931,
      "n_pos": 5111,
      "n_neg": 44889,
      "t": 0.160466573488492,
      "p": 0.8725186558849393
    },
    "treatment_trastuzumab_tucatinib": {
      "mean_pos": 4.27149777546801,
      "mean_neg": 4.315140852531377,
      "diff": -0.043643077063366675,
      "n_pos": 4033,
      "n_neg": 45967,
      "t": -1.1663550283369402,
      "p": 0.24352913381705063
    },
    "treatment_regorafenib": {
      "mean_pos": 5.088922220206073,
      "mean_neg": 4.116760508426309,
      "diff": 0.9721617117797638,
      "n_pos": 10022,
      "n_neg": 39978,
      "t": 32.01982621199098,
      "p": 1.7088416373826197e-216
    }
  },
  "iteration_5": {
    "params": {
      "Intercept": -6.700241059352085,
      "C(ecog_ps)[T.1]": -1.202407955772597,
      "C(ecog_ps)[T.2]": -2.336403898032034,
      "age_years": 0.17607563203479848,
      "sex_female": 0.012224714427371105,
      "stage_iv": -1.358205792653593,
      "right_sided_primary": -0.2898913742017107,
      "kras_mutation": -0.3517664396615856,
      "nras_mutation": 0.02872846174922182,
      "braf_v600e": -0.3500582268784599,
      "msi_high": -0.01000314842433276,
      "her2_amplified": -0.00946179129276823,
      "ntrk_fusion": 0.023667202203399188,
      "cea_ng_ml": -0.004990800316592756,
      "albumin_g_dl": 0.4643112864879885,
      "ldh_u_l": -0.00042116197075389413,
      "weight_loss_pct_6mo": -0.07557378093108005,
      "crp_mg_l": -0.0006901109217520861,
      "nlr": 0.002908286369298595,
      "hemoglobin_g_dl": 0.0013912881620486077,
      "alkaline_phosphatase_u_l": -2.0396286993610815e-05,
      "ast_u_l": 0.00030742115483952325,
      "alt_u_l": -6.271679674217781e-05,
      "total_bilirubin_mg_dl": 0.0007693308127211043,
      "creatinine_mg_dl": -0.0032646617555008445,
      "bun_mg_dl": -0.00061682769831637,
      "sodium_meq_l": 0.0009817730163981697,
      "potassium_meq_l": 0.006782621193488927,
      "calcium_mg_dl": 0.00066962025240269
    },
    "p": {
      "Intercept": 1.5579886899776517e-197,
      "C(ecog_ps)[T.1]": 0.0,
      "C(ecog_ps)[T.2]": 0.0,
      "age_years": 0.0,
      "sex_female": 0.1489074725369595,
      "stage_iv": 0.0,
      "right_sided_primary": 7.038253540042907e-235,
      "kras_mutation": 0.0,
      "nras_mutation": 0.2500129040634312,
      "braf_v600e": 1.8665827461428413e-64,
      "msi_high": 0.6037359264903343,
      "her2_amplified": 0.7011114459409624,
      "ntrk_fusion": 0.6912015141590504,
      "cea_ng_ml": 9.800254719476367e-82,
      "albumin_g_dl": 0.0,
      "ldh_u_l": 6.632576685267962e-16,
      "weight_loss_pct_6mo": 0.0,
      "crp_mg_l": 0.12564455416172907,
      "nlr": 0.15115427556991867,