{
  "iter1_main_effects": {
    "ecog_ps": {
      "effect": -1.189668045730291,
      "p": 0.0
    },
    "stage_iv": {
      "effect": -1.3520012416987597,
      "p": 0.0
    },
    "age_years": {
      "effect": 0.17650161451022284,
      "p": 0.0
    },
    "albumin_g_dl": {
      "effect": 0.4653630940126135,
      "p": 3.2487664213341173e-115
    },
    "ldh_u_l": {
      "effect": -0.00031686295352552807,
      "p": 0.012556421777198392
    },
    "cea_ng_ml": {
      "effect": -0.00534648505375069,
      "p": 3.130868024380159e-17
    },
    "weight_loss_pct_6mo": {
      "effect": -0.07301510767413902,
      "p": 2.206746350728477e-167
    },
    "crp_mg_l": {
      "effect": -0.0020249054105271488,
      "p": 0.06496317909352592
    },
    "nlr": {
      "effect": 0.005224822544929091,
      "p": 0.2896371706227225
    },
    "hemoglobin_g_dl": {
      "effect": -0.01008533992698999,
      "p": 0.07768877928776814
    },
    "alkaline_phosphatase_u_l": {
      "effect": -0.0005948892601470447,
      "p": 0.004134760774735623
    },
    "sex_female": {
      "effect": -0.006023315423925686,
      "p": 0.7702437270541753
    },
    "right_sided_primary": {
      "effect": -0.3052066309179349,
      "p": 5.226482978515763e-46
    }
  },
  "iter2_biomarker_main": {
    "kras_mutation": {
      "effect": -0.32677301906703154,
      "p": 8.52825452182431e-56,
      "mean_pos": 4.121425633917682,
      "mean_neg": 4.4481986529846935,
      "n_pos": 20898
    },
    "nras_mutation": {
      "effect": 0.22110793108609775,
      "p": 0.0002282608773619378,
      "mean_pos": 4.526068762137205,
      "mean_neg": 4.304960831051133,
      "n_pos": 1506
    },
    "braf_v600e": {
      "effect": -0.22786971076975235,
      "p": 3.685352684468089e-06,
      "mean_pos": 4.09410529082308,
      "mean_neg": 4.321975001592822,
      "n_pos": 2272
    },
    "msi_high": {
      "effect": -0.019225840858952802,
      "p": 0.6820893035339887,
      "mean_pos": 4.293361051838064,
      "mean_neg": 4.312586892697016,
      "n_pos": 2513
    },
    "her2_amplified": {
      "effect": -0.05562764121924032,
      "p": 0.35415386216086103,
      "mean_pos": 4.257666240164073,
      "mean_neg": 4.31329388138332,
      "n_pos": 1504
    },
    "ntrk_fusion": {
      "effect": 0.03994909148472831,
      "p": 0.783068664073752,
      "mean_pos": 4.351369148980928,
      "mean_neg": 4.311420057496192,
      "n_pos": 251
    }
  },
  "iter3_tx_main": {
    "treatment_cetuximab": {
      "effect": -0.037956026128885045,
      "p": 0.089377968396123,
      "mean_treated": 4.285110595045989,
      "mean_untreated": 4.323066621174871,
      "n_treated": 15078
    },
    "treatment_bevacizumab": {
      "effect": -0.019097964030393284,
      "p": 0.3544121177676645,
      "mean_treated": 4.3010720324829,
      "mean_untreated": 4.320169996513289,
      "n_treated": 22383
    },
    "treatment_pembrolizumab": {
      "effect": 0.005186669255706395,
      "p": 0.8554470785610976,
      "mean_treated": 4.316012673461178,
      "mean_untreated": 4.310826004205471,
      "n_treated": 7660
    },
    "treatment_encorafenib": {
      "effect": 0.005400886234549537,
      "p": 0.8732366111191446,
      "mean_treated": 4.3164694095790965,
      "mean_untreated": 4.31106852334455,
      "n_treated": 5111
    },
    "treatment_trastuzumab_tucatinib": {
      "effect": -0.04364307706335129,
      "p": 0.24648093186232145,
      "mean_treated": 4.27149777546801,
      "mean_untreated": 4.315140852531377,
      "n_treated": 4033
    },
    "treatment_regorafenib": {
      "effect": 0.9721617117798242,
      "p": 0.0,
      "mean_treated": 5.088922220206073,
      "mean_untreated": 4.116760508426309,
      "n_treated": 10022
    }
  },
  "iter4_ecog_ordinal": {
    "ecog_0": {
      "mean": 5.271274530331505,
      "n": 17592
    },
    "ecog_1": {
      "mean": 4.053644171440389,
      "n": 24971
    },
    "ecog_2": {
      "mean": 2.9077880804279213,
      "n": 7437
    },
    "anova": {
      "F": 3528.8771960833637,
      "p": 0.0
    }
  },
  "iter5_pembro_x_msi": {
    "params": {
      "Intercept": 4.311803865786746,
      "treatment_pembrolizumab": 0.005118887512115598,
      "msi_high": -0.019557231625491674,
      "treatment_pembrolizumab:msi_high": 0.001953162037948597
    },
    "pvalues": {
      "Intercept": 0.0,
      "treatment_pembrolizumab": 0.8609980294369944,
      "msi_high": 0.7021034214525067,
      "treatment_pembrolizumab:msi_high": 0.9879109945431354
    },
    "msi0_pembro0": {
      "mean": 4.311803865786746,
      "n": 40223
    },
    "msi0_pembro1": {
      "mean": 4.316922753298863,
      "n": 7264
    },
    "msi1_pembro0": {
      "mean": 4.292246634161255,
      "n": 2117
    },
    "msi1_pembro1": {
      "mean": 4.299318683711314,
      "n": 396
    }
  },
  "iter6_enco_x_braf": {
    "params": {
      "Intercept": 4.320695169341396,
      "treatment_encorafenib": 0.012545457731780741,
      "braf_v600e": -0.21287217347412268,
      "treatment_encorafenib:braf_v600e": -0.14133316789888054
    },
    "pvalues": {
      "Intercept": 0.0,
      "treatment_encorafenib": 0.7174703280822563,
      "braf_v600e": 4.3601100921614786e-05,
      "treatment_encorafenib:braf_v600e": 0.3762146363964716
    },
    "braf0_enco0": {
      "mean": 4.320695169341397,
      "n": 42859
    },
    "braf0_enco1": {
      "mean": 4.333240627073181,
      "n": 4869
    },
    "braf1_enco0": {
      "mean": 4.107822995867288,
      "n": 2030
    },
    "braf1_enco1": {
      "mean": 3.9790352857001765,
      "n": 242
    }
  },
  "iter7_tt_x_her2": {
    "params": {
      "Intercept": 4.316967114919896,
      "treatment_trastuzumab_tucatinib": -0.04552443996674978,
      "her2_amplified": -0.06065592717720855,
      "treatment_trastuzumab_tucatinib:her2_amplified": 0.06250776364779324
    },
    "pvalues": {
      "Intercept": 0.0,
      "treatment_trastuzumab_tucatinib": 0.23375282377549889,
      "her2_amplified": 0.33246895161004936,
      "treatment_trastuzumab_tucatinib:her2_amplified": 0.7778213136279816
    },
    "her2_0_tt0": {
      "mean": 4.316967114919899,
      "n": 44583
    },
    "her2_0_tt1": {
      "mean": 4.271442674953138,
      "n": 3913
    },
    "her2_1_tt0": {
      "mean": 4.256311187742712,
      "n": 1384
    },
    "her2_1_tt1": {
      "mean": 4.273294511423771,
      "n": 120
    }
  },
  "iter8_cet_x_kras": {
    "params": {
      "Intercept": 4.462598124819395,
      "treatment_cetuximab": -0.047506340475500175,
      "kras_mutation": -0.33281327575126424,
      "treatment_cetuximab:kras_mutation": 0.0195870695447884
    },
    "pvalues": {
      "Intercept": 0.0,
      "treatment_cetuximab": 0.10344145824087032,
      "kras_mutation": 5.66323578529704e-41,
      "treatment_cetuximab:kras_mutation": 0.6648859487406731
    },
    "kras0_cet0": {
      "mean": 4.462598124819426,
      "n": 20281
    },
    "kras0_cet1": {
      "mean": 4.415091784343928,
      "n": 8821
    },
    "kras1_cet0": {
      "mean": 4.129784849068101,
      "n": 14641
    },
    "kras1_cet1": {
      "mean": 4.101865578137388,
      "n": 6257
    }
  },
  "iter9_cet_subgroups": {
    "all_wt_left_sided": {
      "effect": -0.06674707844160288,
      "p": 0.12464500894450645,
      "mean_treated": 4.6169733966397475,
      "mean_untreated": 4.68372047508135,
      "n_treated": 5067,
      "n_untreated": 11376
    },
    "all_wt_right_sided": {
      "effect": -0.026243466421203898,
      "p": 0.5864106793059265,
      "mean_treated": 4.109108966100141,
      "mean_untreated": 4.135352432521345,
      "n_treated": 2624,
      "n_untreated": 6257
    },
    "any_ras_or_braf_mut": {
      "effect": -0.03370130947564132,
      "p": 0.25147823017960813,
      "mean_treated": 4.119993424161778,
      "mean_untreated": 4.153694733637419,
      "n_treated": 7387,
      "n_untreated": 17289
    }
  },
  "iter10_bev_subgroups": {
    "all": {
      "effect": -0.019097964030388326,