{
  "rego_KRASwt": {
    "name": "rego in KRASwt",
    "n_treated": 5816,
    "n_control": 23286,
    "mean_treated": 5.77302718689326,
    "mean_control": 4.1173044352911345,
    "diff": 1.6557227516021253,
    "p_value": 6.069502861177767e-293,
    "significant": true
  },
  "rego_KRASmut": {
    "name": "rego in KRAS mutant",
    "n_treated": 4206,
    "n_control": 16692,
    "mean_treated": 4.1429511107784265,
    "mean_control": 4.116001708943066,
    "diff": 0.026949401835360653,
    "p_value": 0.45568237120953775,
    "significant": false
  },
  "rego_BRAFwt": {
    "name": "rego in BRAFwt",
    "n_treated": 9554,
    "n_control": 38174,
    "mean_treated": 5.1437034670657225,
    "mean_control": 4.116316863615976,
    "diff": 1.027386603449746,
    "p_value": 5.198612447166873e-226,
    "significant": true
  },
  "rego_BRAFmut": {
    "name": "rego in BRAF V600E",
    "n_treated": 468,
    "n_control": 1804,
    "mean_treated": 3.970588817434518,
    "mean_control": 4.126148367068006,
    "diff": -0.15555954963348784,
    "p_value": 0.13364786941681436,
    "significant": false
  },
  "rego_left": {
    "name": "rego in left-sided",
    "n_treated": 6524,
    "n_control": 25819,
    "mean_treated": 5.600577467687518,
    "mean_control": 4.1209391505266515,
    "diff": 1.479638317160867,
    "p_value": 3.719631634706187e-274,
    "significant": true
  },
  "rego_right": {
    "name": "rego in right-sided",
    "n_treated": 3498,
    "n_control": 14159,
    "mean_treated": 4.1346515413698945,
    "mean_control": 4.1091407358160446,
    "diff": 0.02551080555384999,
    "p_value": 0.5158455975850641,
    "significant": false
  },
  "rego_KRAS_BRAF_wt": {
    "name": "rego in KRAS/BRAF wt",
    "n_treated": 5348,
    "n_control": 21482,
    "mean_treated": 5.930757395738939,
    "mean_control": 4.11656174592676,
    "diff": 1.814195649812179,
    "p_value": 0.0,
    "significant": true
  },
  "rego_KRAS_BRAF_wt_left": {
    "name": "rego in KRAS/BRAF wt + left-sided",
    "n_treated": 3461,
    "n_control": 13911,
    "mean_treated": 6.875081908149143,
    "mean_control": 4.1171718428826365,
    "diff": 2.7579100652665067,
    "p_value": 0.0,
    "significant": true
  },
  "rego_KRAS_only": {
    "name": "rego in KRAS-mut only",
    "n_treated": 4206,
    "n_control": 16692,
    "mean_treated": 4.1429511107784265,
    "mean_control": 4.116001708943066,
    "diff": 0.026949401835360653,
    "p_value": 0.45568237120953775,
    "significant": false
  },
  "rego_right_only": {
    "name": "rego in right-sided",
    "n_treated": 3498,
    "n_control": 14159,
    "mean_treated": 4.1346515413698945,
    "mean_control": 4.1091407358160446,
    "diff": 0.02551080555384999,
    "p_value": 0.5158455975850641,
    "significant": false
  },
  "rego_right_KRAS": {
    "name": "rego in right-sided KRAS-mut",
    "n_treated": 1445,
    "n_control": 5963,
    "mean_treated": 4.062605392248473,
    "mean_control": 4.102124989298522,
    "diff": -0.039519597050048816,
    "p_value": 0.5211126903930063,
    "significant": false
  },
  "rego_left_KRASwt": {
    "name": "rego in left-sided KRASwt",
    "n_treated": 3763,
    "n_control": 15090,
    "mean_treated": 6.639218660392866,
    "mean_control": 4.118966117492184,
    "diff": 2.520252542900682,
    "p_value": 0.0,
    "significant": true
  },
  "mvar_treatment_regorafenib": {
    "coef": 2.288850839628034,
    "p": 0.0
  },
  "mvar_treatment_regorafenib_x_kras_mutation": {
    "coef": -1.7835023191615258,
    "p": 0.0
  },
  "mvar_treatment_regorafenib_x_braf_v600e": {
    "coef": -1.7686356407136703,
    "p": 0.0
  },
  "mvar_treatment_regorafenib_x_right_sided_primary": {
    "coef": -1.474303527225433,
    "p": 0.0
  },
  "rego_mvar_in_best_subgroup": {
    "coef": 2.735266520505457,
    "p": 0.0,
    "n": 17372
  },
  "adj_treatment_regorafenib": {
    "coef": 2.2888875145395073,
    "p": 0.0
  },
  "adj_treatment_regorafenib_x_kras_mutation": {
    "coef": -1.783531455798441,
    "p": 0.0
  },
  "adj_treatment_regorafenib_x_braf_v600e": {
    "coef": -1.7686655464815417,
    "p": 0.0
  },
  "adj_treatment_regorafenib_x_right_sided_primary": {
    "coef": -1.47432287697526,
    "p": 0.0
  },
  "rego_K0B0S0": {
    "name": "K0B0S0",
    "n_treated": 3461,
    "n_control": 13911,
    "mean_treated": 6.875081908149143,
    "mean_control": 4.1171718428826365,
    "diff": 2.7579100652665067,
    "p_value": 0.0,
    "significant": true
  },
  "rego_K0B0S1": {
    "name": "K0B0S1",
    "n_treated": 1887,
    "n_control": 7571,
    "mean_treated": 4.198745134238296,
    "mean_control": 4.115440750186014,
    "diff": 0.08330438405228158,
    "p_value": 0.11852538473647083,
    "significant": false
  },
  "rego_K0B1S0": {
    "name": "K0B1S0",
    "n_treated": 302,
    "n_control": 1179,
    "mean_treated": 3.936163360775405,
    "mean_control": 4.140136731651152,
    "diff": -0.20397337087574696,
    "p_value": 0.11908805181005729,
    "significant": false
  },
  "rego_K0B1S1": {
    "name": "K0B1S1",
    "n_treated": 166,
    "n_control": 625,
    "mean_treated": 4.033218262681822,
    "mean_control": 4.09976071611836,
    "diff": -0.0665424534365382,
    "p_value": 0.695893206268942,
    "significant": false
  },
  "rego_K1B0S0": {
    "name": "K1B0S0",
    "n_treated": 2761,
    "n_control": 10729,
    "mean_treated": 4.185000934492944,
    "mean_control": 4.123714159240429,
    "diff": 0.06128677525251458,
    "p_value": 0.16940788428405532,
    "significant": false
  },
  "rego_K1B0S1": {
    "name": "K1B0S1",
    "n_treated": 1445,
    "n_control": 5963,
    "mean_treated": 4.062605392248473,
    "mean_control": 4.102124989298522,
    "diff": -0.039519597050048816,
    "p_value": 0.5211126903930063,
    "significant": false
  }
}