{
  "stage_eff": -1.3520012416989058,
  "stage_p": 0.9569761274646443,
  "stage_beta": -1.3505704963326663,
  "stage_beta_p": 0.0,
  "ecog_b": -1.179452796456305,
  "ecog_p": 0.0,
  "age_b": 0.17607888684715028,
  "age_p": 0.0,
  "sex_b": 0.005439690445962226,
  "sex_p": 0.561119904587981,
  "cetux_kras_int_b": 0.02269855105323514,
  "cetux_kras_int_p": 0.264108265971569,
  "kras_neg_eff": -0.047506340475497844,
  "kras_neg_p": 0.12151268164398851,
  "kras_pos_eff": -0.027919270930713225,
  "kras_pos_p": 0.3755478298597816,
  "cetux_nras_int_b": -0.04263234547668174,
  "cetux_nras_int_p": 0.47848140401664035,
  "cetux_braf_int_b": 0.002362450203003732,
  "cetux_braf_int_p": 0.9610796654431242,
  "cetux_right_int_b": 0.014013789236431127,
  "cetux_right_int_p": 0.5009411335875231,
  "left_eff": -0.049355642197698835,
  "right_eff": -0.02371601860615069,
  "pembro_msi_int_b": 0.03123840877070381,
  "pembro_msi_int_p": 0.5933566680985056,
  "msi_eff": 0.007072049550059134,
  "msi_p": 0.9567847819114561,
  "mss_eff": 0.0051188875121175315,
  "mss_p": 0.860955426952086,
  "enc_braf_int_b": 0.0026143157379282626,
  "enc_braf_int_p": 0.971213797315588,
  "brafmut_enc_eff": -0.12878771016711132,
  "brafmut_enc_p": 0.32914081276461554,
  "tt_her2_int_b": 0.0074527094472293665,
  "tt_her2_int_p": 0.9409108312676078,
  "her2_pos_eff": 0.016983323681058593,
  "her2_pos_p": 0.9344006069047293,
  "bev_b": 0.007430035165720352,
  "bev_p": 0.42727745423506175,
  "regora_b": 0.9352127837583317,
  "regora_p": 0.0,
  "labs": {
    "albumin_g_dl": [
      0.4616987768955205,
      0.0
    ],
    "crp_mg_l": [
      -0.0006509871609525388,
      0.16150416783395535
    ],
    "nlr": [
      0.003056431295648652,
      0.14381048917179734
    ],
    "weight_loss_pct_6mo": [
      -0.0755076437085926,
      0.0
    ]
  },
  "labs2": {
    "ldh_u_l": [
      -0.0004249944053351357,
      1.3580896295528516e-13
    ],
    "cea_ng_ml": [
      -0.0049863228490962305,
      1.2688306079257773e-67
    ],
    "hemoglobin_g_dl": [
      0.0009808265874315237,
      0.7044220248292418
    ],
    "alkaline_phosphatase_u_l": [
      -7.798481239892089e-05,
      0.40597845345218997
    ],
    "ast_u_l": [
      7.224410936658974e-05,
      0.8552775538545142
    ],
    "alt_u_l": [
      -2.816396894269338e-05,
      0.941019959202285
    ],
    "total_bilirubin_mg_dl": [
      -0.01164721075531885,
      0.42723524862338497
    ]
  },
  "mets": {
    "liver_mets": [
      -0.00674572517842984,
      0.6069134890116947
    ],
    "bone_mets": [
      0.020580567962802974,
      0.07630657458942232
    ],
    "adrenal_mets": [
      -0.0056410195274706025,
      0.7162963836907229
    ],
    "pleural_effusion": [
      -0.014812714692899796,
      0.2546961649017129
    ],
    "pericardial_effusion": [
      -0.04341808643609525,
      0.06681507347871773
    ]
  },
  "co": {
    "diabetes_mellitus": [
      0.01765070581749865,
      0.11611464023280679
    ],
    "hypertension": [
      0.004274271274736221,
      0.6477205664814364
    ],
    "copd": [
      -0.02705121104281858,
      0.009064368779409098
    ],
    "chronic_kidney_disease": [
      0.00335091470242453,
      0.8152591186120028
    ],
    "heart_failure": [
      0.006786399903097692,
      0.6614663008658385
    ],
    "coronary_artery_disease": [
      -0.006972567644862017,
      0.5649720769634752
    ],
    "atrial_fibrillation": [
      -0.015449117392575547,
      0.3720081207132578
    ],
    "autoimmune_disease": [
      -0.010047458970105215,
      0.6354295364114189
    ]
  },
  "sx": {
    "fatigue_grade": [
      0.004767305929806642,
      0.25983611163163167
    ],
    "pain_nrs": [
      -0.0010366898318211742,
      0.5488453573046885
    ],
    "dyspnea_grade": [
      0.00616749210326912,
      0.13683287094546046
    ],
    "cough_grade": [
      -0.006268284685175718,
      0.14180615052368198
    ],
    "appetite_loss_grade": [
      -0.001056640464245087,
      0.8083553676986015
    ]
  },
  "pr": {
    "prior_lines_of_therapy": [
      0.002964767977699775,
      0.4713450957402628
    ],
    "prior_chemotherapy": [
      -0.005575952620307965,
      0.5513358149977825
    ],
    "prior_radiation": [
      0.008352066776930381,
      0.4118994981231986
    ],
    "prior_surgery": [
      -0.0025845078287171793,
      0.7913780974956373
    ],
    "prior_immunotherapy": [
      -0.013353461025119064,
      0.305964995314808
    ],
    "prior_targeted_therapy": [
      0.0007641698995717117,
      0.9575782099741794
    ],
    "years_since_diagnosis": [
      0.0037846931319465604,
      0.16811605011160852
    ]
  },
  "sig": {
    "tp53_mutation": [
      0.004214401007492555,
      0.6525910197153536
    ],
    "pik3ca_mutation": [
      -0.004243138149390834,
      0.8071671369360109
    ],
    "pten_loss": [
      -0.003570542646579236,
      0.8658943616624716
    ],
    "cdkn2a_loss": [
      0.02318030751009276,
      0.0762223490492866
    ]
  },
  "dem_results": {
    "C(race_ethnicity, Treatment(reference='white'))[T.asian]": [
      0.016808989846371372,
      0.3971256398796774
    ],
    "C(race_ethnicity, Treatment(reference='white'))[T.black]": [
      0.012559278886926437,
      0.39061737872661495
    ],
    "C(race_ethnicity, Treatment(reference='white'))[T.hispanic]": [
      -0.004600929483996237,
      0.7290523237169325
    ],
    "C(race_ethnicity, Treatment(reference='white'))[T.other]": [
      0.030138353167256778,
      0.37343896530040044
    ],
    "C(insurance_type, Treatment(reference='private'))[T.medicaid]": [
      -0.005712834109738838,
      0.6929944843739277
    ],
    "C(insurance_type, Treatment(reference='private'))[T.medicare]": [
      -0.0035446103482993977,
      0.7303342350131227
    ],
    "C(insurance_type, Treatment(reference='private'))[T.uninsured]": [
      -0.05145063935183066,
      0.034826910997791095
    ],
    "rural_residence": [
      -0.00628158265168002,
      0.5883260667087643
    ],
    "education_years": [
      -0.00044513026839768923,
      0.7744990679355583
    ],
    "age_years": [
      0.17607979209439134,
      0.0
    ],
    "sex_female": [
      0.005606917470890432,
      0.5492078758442704
    ],
    "ecog_ps": [
      -1.1794247563563511,
      0.0
    ],
    "stage_iv": [
      -1.3507068404844709,
      0.0
    ]
  },
  "snp_top": [
    {
      "snp": "snp_rs1800629",
      "beta": 0.02965348395014656,
      "p": 0.014471810116352147
    },
    {
      "snp": "snp_rs1050828",
      "beta": 0.04079398421372017,
      "p": 0.01735992947110705
    },
    {
      "snp": "snp_rs2070744",
      "beta": -0.019012254065761434,
      "p": 0.04603369796961863
    },
    {
      "snp": "snp_rs1801197",
      "beta": -0.018095276008492717,
      "p": 0.10832913089719717
    },
    {
      "snp": "snp_rs1128503",
      "beta": -0.012745915584751383,
      "p": 0.17895309383712862
    }
  ],
  "snp_n_sig_raw": 3,
  "snp_n_sig_bonf": 0,
  "snp_total": 27,
  "ntrk_eff": 0.03994909148473624,
  "ntrk_p": 0.7861833575452978,
  "ntrk_b": -0.006251266670024513,
  "ntrk_b_p": 0.9243736056748829,
  "alb_int_b": 0.03668456563319657,
  "alb_int_p": 0.11154747106453404,
  "alb_bev_int_b": -0.003418008553953622,
  "alb_bev_int_p": 0.8740199146012659,
  "three_way_b": -0.02079666795657033,
  "three_way_p": 0.6199471621423248,
  "pembro_stage_three_b": -0.13878283852695622,
  "pembro_stage_three_p": 0.23896335338983826,
  "msi_st4_eff": -0.07177736394995371,
  "msi_st4_p": 0.6622464760405858,
  "msi_lt4_eff": 0.11405744399252438,
  "msi_lt4_p": 0.5537501537945864,
  "full_r2": 0.8586502958924894,
  "full_n": 50000,
  "final_results": {
    "treatment_cetuximab": [
      -0.02795978752885893,
      0.03506827004334396
    ],
    "treatment_bevacizumab": [
      0.002557019611246915,
      0.7417506477920435
    ],
    "treatment_pembrolizumab": [
      -0.0026779348433779602,
      0.8076266643052148
    ],