{
  "iter1": {
    "ecog_ps": [
      -1.189668045730291,
      0.0,
      true
    ],
    "stage_iv": [
      -1.3520012416987597,
      0.0,
      true
    ]
  },
  "iter2": {
    "albumin_g_dl": [
      0.4653630940126135,
      3.2487664213341173e-115,
      true
    ],
    "ldh_u_l": [
      -0.00031686295352552807,
      0.012556421777198392,
      true
    ],
    "crp_mg_l": [
      -0.0020249054105271488,
      0.06496317909352592,
      false
    ],
    "nlr": [
      0.005224822544929091,
      0.2896371706227225,
      false
    ],
    "weight_loss_pct_6mo": [
      -0.07301510767413902,
      2.206746350728477e-167,
      true
    ]
  },
  "iter3": {
    "right_sided_primary": [
      -0.3052066309179349,
      5.226482978515763e-46,
      true
    ],
    "age_years": [
      0.17650161451022284,
      0.0,
      true
    ],
    "sex_female": [
      -0.006023315423925686,
      0.7702437270541753,
      false
    ]
  },
  "iter4": {
    "liver_mets": [
      -0.018763613740266957,
      0.5160442226354056,
      false
    ],
    "bone_mets": [
      0.03129859368336675,
      0.22117522613804716,
      false
    ],
    "pleural_effusion": [
      -0.0516244429294783,
      0.07160273100310527,
      false
    ],
    "adrenal_mets": [
      0.05792819474394474,
      0.09030419217543477,
      false
    ],
    "contralateral_lung_mets": [
      -0.04646267493263331,
      0.14169692099698405,
      false
    ],
    "pericardial_effusion": [
      -0.07903528111435222,
      0.1299531624623191,
      false
    ]
  },
  "iter5": {
    "cea_ng_ml": [
      -0.00534648505375069,
      3.130868024380159e-17,
      true
    ],
    "alkaline_phosphatase_u_l": [
      -0.0005948892601470447,
      0.004134760774735623,
      true
    ],
    "hemoglobin_g_dl": [
      -0.01008533992698999,
      0.07768877928776814,
      false
    ],
    "calcium_mg_dl": [
      -0.03308294255575624,
      0.10587017061811228,
      false
    ],
    "platelets_k_ul": [
      5.023679993263334e-05,
      0.7330468408389408,
      false
    ]
  },
  "iter6": {
    "braf_v600e": [
      -0.22786971076975235,
      3.685352684468089e-06,
      true
    ],
    "kras_mutation": [
      -0.32677301906703154,
      8.52825452182431e-56,
      true
    ],
    "nras_mutation": [
      0.22110793108609775,
      0.0002282608773619378,
      true
    ],
    "msi_high": [
      -0.019225840858952802,
      0.6820893035339887,
      false
    ],
    "her2_amplified": [
      -0.05562764121924032,
      0.35415386216086103,
      false
    ],
    "ntrk_fusion": [
      0.03994909148472831,
      0.783068664073752,
      false
    ],
    "tp53_mutation": [
      -0.018305654139446764,
      0.3748376614710808,
      false
    ],
    "pik3ca_mutation": [
      -0.024254804066828766,
      0.5265737745252435,
      false
    ]
  },
  "iter7": {
    "treatment_cetuximab": [
      -0.037956026128885045,
      0.089377968396123,
      false
    ],
    "treatment_bevacizumab": [
      -0.019097964030393284,
      0.3544121177676645,
      false
    ],
    "treatment_pembrolizumab": [
      0.005186669255706395,
      0.8554470785610976,
      false
    ],
    "treatment_encorafenib": [
      0.005400886234549537,
      0.8732366111191446,
      false
    ],
    "treatment_trastuzumab_tucatinib": [
      -0.04364307706335129,
      0.24648093186232145,
      false
    ],
    "treatment_regorafenib": [
      0.9721617117798242,
      0.0,
      true
    ]
  },
  "iter8": {
    "cet_main": [
      -0.047506340475500175,
      0.10344145824087032,
      false
    ],
    "kras_main": [
      -0.33281327575126424,
      5.66323578529704e-41,
      true
    ],
    "cet_x_kras": [
      0.0195870695447884,
      0.6648859487406731,
      false
    ],
    "cet_main_v_raswt": [
      -0.030495022270218875,
      0.3613309664060979,
      false
    ],
    "raswt_main": [
      0.30061273222928603,
      2.9513704564641144e-34,
      true
    ],
    "cet_x_raswt": [
      -0.016855272269642577,
      0.7071458412351798,
      false
    ],
    "cet_in_RAS_WT": [
      -0.047350294539856286,
      0.1317815869410429,
      false
    ],
    "cet_in_RAS_MUT": [
      -0.030495022270219607,
      0.32390628207451994,
      false
    ],
    "cet_in_KRAS_WT": [
      -0.047506340475497844,
      0.12151268164398851,
      false
    ],
    "cet_in_KRAS_MUT": [
      -0.027919270930713225,
      0.3755478298597816,
      false
    ]
  },
  "iter9": {
    "cet_x_right": [
      0.025639623591550503,
      0.5834196528369481,
      false
    ],
    "cet_main": [
      -0.049355642197698946,
      0.07435488356243847,
      false
    ],
    "right_main": [
      -0.3131785063005321,
      2.069971903352727e-34,
      true
    ],
    "cet_in_left_sided": [
      -0.049355642197698835,
      0.08590385117553932,
      false
    ],
    "cet_in_right_sided": [
      -0.02371601860615069,
      0.4895836714345908,
      false
    ],
    "triple_term_p": 0.9435923970138709,
    "triple_term_coef": -0.006632566977777024,
    "cet_in_leftRASWT": [
      -0.06159507795742236,
      0.13447226702703305,
      false
    ],
    "cet_in_unfavorable": [
      -0.03194608529409049,
      0.21347321597256286,
      false
    ]
  },
  "iter10": {
    "pembro_main": [
      0.005118887512115598,
      0.8609980294369944,
      false
    ],
    "msi_main": [
      -0.019557231625491674,
      0.7021034214525067,
      false
    ],
    "pembro_x_msi": [
      0.001953162037948597,
      0.9879109945431354,
      false
    ],
    "pembro_in_MSI_high": [
      0.007072049550059134,
      0.9567847819114561,
      false
    ],
    "pembro_in_MSS": [
      0.0051188875121175315,
      0.860955426952086,
      false
    ]
  },
  "iter11": {
    "enco_main": [
      0.012545457731780741,
      0.7174703280822563,
      false
    ],
    "braf_main": [
      -0.21287217347412268,
      4.3601100921614786e-05,
      true
    ],
    "enco_x_braf": [
      -0.14133316789888054,
      0.3762146363964716,
      false
    ],
    "enco_in_BRAFmut": [
      -0.12878771016711132,
      0.32914081276461554,
      false
    ],
    "enco_in_BRAFwt": [
      0.012545457731784282,
      0.7177131720298617,
      false
    ]
  },
  "iter12": {
    "t_main": [
      -0.04552443996674978,
      0.23375282377549889,
      false
    ],
    "her2_main": [
      -0.06065592717720855,
      0.33246895161004936,
      false
    ],
    "t_x_her2": [
      0.06250776364779324,
      0.7778213136279816,
      false
    ],
    "t_in_HER2amp": [
      0.016983323681058593,
      0.9344006069047293,
      false
    ],
    "t_in_HER2neg": [
      -0.04552443996676114,
      0.2315746817735435,
      false
    ]
  },
  "iter13": {
    "bev_x_right": [
      -0.022083579928872138,
      0.6081445636992628,
      false
    ],
    "bev_main": [
      -0.012253131681020928,
      0.6319749341617237,
      false
    ],
    "bev_adj": [
      0.0063506454085968285,
      0.4861692505128778,
      false
    ]
  },
  "iter14": {
    "rego_main": [
      0.9721617117798242,
      0.0,
      true
    ],
    "prior_lines": [
      0.007835974300180532,
      0.3875122049224741,
      false
    ],
    "rego_adj_lines": [
      0.9722017101008672,
      0.0,
      true
    ],
    "lines_adj_rego": [
      0.008415069029771296,
      0.3463707686164911,
      false
    ]
  },
  "iter15": {
    "fatigue_grade": [
      -0.0017269701741910702,
      0.8530292012018458,
      false
    ],
    "pain_nrs": [
      -0.0022963350879729926,
      0.5467281949665088,
      false
    ],
    "dyspnea_grade": [
      -0.009243740288949885,
      0.3115554612658744,
      false
    ],
    "cough_grade": [
      -0.01610712410661405,
      0.08665326064366527,
      false
    ],
    "appetite_loss_grade": [
      -0.00020467440972144358,
      0.9829885291333604,
      false
    ]
  },