{
  "olaparib_brca2_in_mcrpc": {
    "beta_interaction": 1.6299679021336673,
    "p_interaction": 6.017064618987756e-36,
    "mean_t1_b1": 4.94527593878331,
    "mean_t0_b1": 3.3974402711998994,
    "n_t1_b1": 296,
    "n_t0_b1": 2428
  },
  "adj_olaparib_brca2": {
    "beta_interaction": 1.4376130508031881,
    "p_interaction": 0.0,
    "beta_olaparib_main": -0.0025214257187137663,
    "p_olaparib_main": 0.7164885390839549
  },
  "adj_pembro_msi": {
    "beta_interaction": 0.03863916841094314,
    "p_interaction": 0.5320907841875196
  },
  "adj_lu177_psma_high": {
    "beta_interaction": -0.008127471955939432,
    "p_interaction": 0.54533526022578
  },
  "ecog_subgroup_treatment_olaparib": {
    "fit_diff": 0.08883765401658339,
    "fit_p": 0.009228960688179922,
    "unfit_diff": 0.14799428894941702,
    "unfit_p": 0.04385457678391122
  },
  "ecog_subgroup_treatment_pembrolizumab": {
    "fit_diff": 0.04862210680113632,
    "fit_p": 0.2757533343806309,
    "unfit_diff": -0.042515201579853557,
    "unfit_p": 0.6887891838998391
  },
  "ecog_subgroup_treatment_docetaxel": {
    "fit_diff": -0.015126529818953571,
    "fit_p": 0.4660974089895391,
    "unfit_diff": -0.0076214335363391505,
    "unfit_p": 0.8626385818872571
  },
  "ecog_subgroup_treatment_enzalutamide": {
    "fit_diff": -0.028046137410055128,
    "fit_p": 0.14991413182441915,
    "unfit_diff": -0.05364992995532525,
    "unfit_p": 0.19603929903415387
  },
  "ecog_subgroup_treatment_abiraterone": {
    "fit_diff": -0.015493657277434902,
    "fit_p": 0.4572106925023361,
    "unfit_diff": 0.010176702194735654,
    "unfit_p": 0.8207398688805254
  },
  "ecog_subgroup_treatment_lu177_psma": {
    "fit_diff": 0.004752587591804858,
    "fit_p": 0.859334622595799,
    "unfit_diff": 0.01761370931999995,
    "unfit_p": 0.7551222503425233
  },
  "albumin_low_main": {
    "mean_low": 3.410168929826494,
    "mean_norm": 3.8506455433303888,
    "diff": -0.44047661350389467,
    "p": 3.2159787796306266e-97
  },
  "ar_targeting_mcrpc": {
    "mean_yes": 3.48732275962375,
    "mean_no": 3.5398697058533855,
    "diff": -0.052546946229635516,
    "p": 0.032090000755825354
  },
  "olaparib_brca2_in_nonmcrpc": {
    "beta_interaction": 1.6266883174695392,
    "p_interaction": 1.3307545589685687e-28
  },
  "brca2_adj": {
    "beta": 0.14022582436005865,
    "p": 7.997404656341455e-55
  },
  "olaparib_race_black": {
    "beta_interaction": -0.020054030454858117,
    "p_interaction": 0.5324469815050258
  },
  "olaparib_private_ins": {
    "beta_interaction": -0.044000096328626184,
    "p_interaction": 0.03763945809844043
  },
  "snp_snp_rs4986893_adj": {
    "beta": 0.004661982779792941,
    "p": 0.6787273438688075
  },
  "snp_snp_rs429358_adj": {
    "beta": 0.0101767199942816,
    "p": 0.17786720530914107
  },
  "snp_snp_rs1065852_adj": {
    "beta": 0.0007523357620288097,
    "p": 0.9283020679622473
  },
  "visceral_adj": {
    "beta": -0.02320270461608524,
    "p": 0.0006117282802514291
  },
  "symptom_score_adj": {
    "beta": 0.0007803477699494473,
    "p": 0.5636576697299922
  },
  "treatment_enzalutamide_mcrpc_inter": {
    "beta_interaction": -0.009732205118889625,
    "p_interaction": 0.38038923246994477
  },
  "treatment_abiraterone_mcrpc_inter": {
    "beta_interaction": -0.0015613947353214364,
    "p_interaction": 0.8953142421125061
  },
  "treatment_docetaxel_mcrpc_inter": {
    "beta_interaction": 0.009586713452464882,
    "p_interaction": 0.4177781940510215
  }
}