feature,levels,chi2,dof,p_value
feature_123,"{'asian': 0.1772406847935549, 'black': 0.1775965379494008, 'hispanic': 0.17153679653679654, 'other': 0.1854043392504931, 'white': 0.16548593860214064}",9.752230089907084,4,0.04481469374100249
feature_043,"{'adenocarcinoma': 0.16709604144159118, 'squamous': 0.1737285087403784}",3.097473414829456,1,0.07841390423372419
feature_005,"{'medicaid': 0.16130875839405628, 'medicare': 0.16847672112569648, 'private': 0.17202239822428492, 'uninsured': 0.17}",4.292950531090976,3,0.23151897695571896
feature_057,"{'current': 0.1722986509950581, 'former': 0.16849856712736241, 'never': 0.16382893149215713}",2.6292027048109237,2,0.26858137121818315
