feature,coef,p,n_levels
feature_051,-0.3749328383602404,1.7325099096621463e-93,3
feature_033,-0.02215559913386164,0.04024084520431761,5
feature_026,-0.01227516280656494,0.2444126512164444,5
feature_045,0.012251209746055087,0.25846432096228544,5
feature_042,-0.010425146212848672,0.352014657453384,5
feature_018,-0.0073700100315665035,0.4901676266330083,5
feature_064,0.0012678249000652394,0.7755443934634758,11
feature_064,0.0012678249000652394,0.7755443934634758,11
