{
  "PFS_diff_treatment_enzalutamide": {
    "est": -0.026337992080358585,
    "p": 0.15342691392363586,
    "sig": false
  },
  "PFS_diff_treatment_abiraterone": {
    "est": -0.005626552725651379,
    "p": 0.7757184484522537,
    "sig": false
  },
  "PFS_diff_treatment_docetaxel": {
    "est": -0.017209048010066397,
    "p": 0.3809926324612431,
    "sig": false
  },
  "PFS_diff_treatment_olaparib": {
    "est": 0.09432284520508238,
    "p": 0.003294101809045207,
    "sig": true
  },
  "PFS_diff_treatment_lu177_psma": {
    "est": -0.00407368065971081,
    "p": 0.8723124127178055,
    "sig": false
  },
  "PFS_diff_treatment_pembrolizumab": {
    "est": 0.06379262959538412,
    "p": 0.13692383790520365,
    "sig": false
  },
  "PFS_ECOG1_vs_0": {
    "est": -1.189406041376782,
    "p": 0.0,
    "sig": true
  },
  "PFS_ECOG2_vs_0": {
    "est": -2.3049397251313586,
    "p": 0.0,
    "sig": true
  },
  "PFS_diff_visceral_mets": {
    "est": -0.04771357114195629,
    "p": 0.03451620716978058,
    "sig": true
  },
  "PFS_diff_liver_mets": {
    "est": -0.0016819316142151486,
    "p": 0.9478790851152062,
    "sig": false
  },
  "PFS_diff_bone_mets": {
    "est": 0.011071772989018402,
    "p": 0.6235063050305542,
    "sig": false
  },
  "PFS_diff_mcrpc": {
    "est": -0.5210661533850551,
    "p": 1.580258406613419e-181,
    "sig": true
  },
  "PFS_per_unit_age_years": {
    "est": 0.17404789166700496,
    "p": 0.0,
    "sig": true
  },
  "PFS_per_unit_albumin_g_dl": {
    "est": 0.4948579631914191,
    "p": 1.4660931216464528e-166,
    "sig": true
  },
  "PFS_per_unit_ldh_u_l": {
    "est": -0.0004197301762986955,
    "p": 0.00018075877532260562,
    "sig": true
  },
  "PFS_per_unit_hemoglobin_g_dl": {
    "est": -0.011516825061009902,
    "p": 0.02251827485690085,
    "sig": true
  },
  "PFS_per_unit_alkaline_phosphatase_u_l": {
    "est": -0.0004973617972774255,
    "p": 0.006626176569737813,
    "sig": true
  },
  "PFS_per_unit_crp_mg_l": {
    "est": -0.0006424198652086692,
    "p": 0.5073062445138984,
    "sig": false
  },
  "PFS_per_unit_nlr": {
    "est": 0.002428415690884669,
    "p": 0.5772901738941257,
    "sig": false
  },
  "PFS_per_unit_psa_ng_ml": {
    "est": -0.003340923423245318,
    "p": 3.4835670743028075e-260,
    "sig": true
  },
  "PFS_per_unit_gleason_score": {
    "est": -0.006223376517606829,
    "p": 0.48565581576245254,
    "sig": false
  },
  "PFS_per_unit_weight_loss_pct_6mo": {
    "est": -0.07489668116519445,
    "p": 9.910662632378488e-226,
    "sig": true
  },
  "interaction_olaparib_x_brca2": {
    "est": 1.6188217063080863,
    "p": 4.330845538671321e-61,
    "sig": true
  },
  "interaction_lu177_x_psma_high": {
    "est": -0.01739951678175318,
    "p": 0.7365288948487355,
    "sig": false
  },
  "interaction_pembro_x_msi_high": {
    "est": -0.3401111938809161,
    "p": 0.15281516107664445,
    "sig": false
  },
  "interaction_enzalutamide_x_arv7": {
    "est": 0.002476876079488344,
    "p": 0.9571817662496824,
    "sig": false
  },
  "interaction_abiraterone_x_arv7": {
    "est": 0.047602607485451275,
    "p": 0.33419774430083854,
    "sig": false
  },
  "interaction_treatment_enzalutamide_x_mcrpc": {
    "est": -0.04939818757471859,
    "p": 0.17976026888697558,
    "sig": false
  },
  "interaction_treatment_abiraterone_x_mcrpc": {
    "est": 0.029795587596362094,
    "p": 0.44932757536643575,
    "sig": false
  },
  "interaction_treatment_docetaxel_x_mcrpc": {
    "est": 0.07974852869281303,
    "p": 0.04225821522480921,
    "sig": true
  },
  "interaction_treatment_enzalutamide_x_gleason": {
    "est": 6.0031384062707305e-05,
    "p": 0.9973680594093173,
    "sig": false
  },
  "interaction_treatment_abiraterone_x_gleason": {
    "est": -0.030703995365015037,
    "p": 0.11455894713453385,
    "sig": false
  },
  "interaction_treatment_docetaxel_x_gleason": {
    "est": 0.0019254641827804227,
    "p": 0.92084637916963,
    "sig": false
  },
  "adj_PFS_per_unit_crp_mg_l": {
    "est": 0.0003311796589446689,
    "p": 0.7081736000465925,
    "sig": false
  },
  "adj_PFS_per_unit_nlr": {
    "est": 0.0026268970712534758,
    "p": 0.50905647075949,
    "sig": false
  },
  "adj_PFS_per_unit_albumin_g_dl": {
    "est": 0.4945814188034638,
    "p": 6.400096326076239e-196,
    "sig": true
  },
  "adj_PFS_per_unit_ldh_u_l": {
    "est": -0.00037965809149705657,
    "p": 0.00020828575398643733,
    "sig": true
  },
  "adj_PFS_per_unit_ecog_ps": {
    "est": -1.1608785323512238,
    "p": 0.0,
    "sig": true
  },
  "interaction_treatment_docetaxel_x_visceral_mets": {
    "est": 0.05157507521894769,
    "p": 0.2942021949826765,
    "sig": false
  },
  "interaction_treatment_docetaxel_x_liver_mets": {
    "est": -0.02447466861450008,
    "p": 0.6594062771426363,
    "sig": false
  },
  "interaction_treatment_docetaxel_x_bone_mets": {
    "est": 0.011704128187313496,
    "p": 0.8124238502973057,
    "sig": false
  },
  "PFS_diff_diabetes_mellitus": {
    "est": -0.0286507757309451,
    "p": 0.18994525224285164,
    "sig": false
  },
  "PFS_diff_hypertension": {
    "est": -0.024288788212748713,
    "p": 0.18191631517390416,
    "sig": false
  },
  "PFS_diff_copd": {
    "est": 0.0186403307037466,
    "p": 0.35468542673681713,
    "sig": false
  },
  "PFS_diff_chronic_kidney_disease": {
    "est": 0.03335472154353836,
    "p": 0.23075207379461188,
    "sig": false
  },
  "PFS_diff_heart_failure": {
    "est": -0.0031650642665126405,
    "p": 0.9164393175634732,
    "sig": false
  },
  "PFS_diff_coronary_artery_disease": {
    "est": 0.00013529078610075018,
    "p": 0.9953705778234199,
    "sig": false
  },
  "PFS_diff_atrial_fibrillation": {
    "est": -0.036741992546422075,
    "p": 0.2790784388870249,
    "sig": false
  },
  "PFS_diff_venous_thromboembolism_history": {
    "est": -0.03120735390735785,
    "p": 0.41302848885139387,
    "sig": false
  },
  "PFS_diff_autoimmune_disease": {
    "est": 0.055020193032035536,
    "p": 0.18051216543794643,
    "sig": false
  },
  "PFS_diff_depression_anxiety_diagnosis": {
    "est": -0.04446902591748492,
    "p": 0.060562224177405984,
    "sig": false
  },
  "PFS_diff_prior_malignancy": {
    "est": -0.042913177343982145,
    "p": 0.12290653327353733,
    "sig": false
  },
  "PFS_diff_race_white_vs_other": {
    "est": -0.008296484520625924,
    "p": 0.6614082676000244,
    "sig": false
  },
  "PFS_diff_race_hispanic_vs_other": {
    "est": -0.007822805385623077,
    "p": 0.7569156159660281,
    "sig": false
  },
  "PFS_diff_race_black_vs_other": {
    "est": -0.0038602691165925407,
    "p": 0.8890531173961298,
    "sig": false
  },
  "PFS_diff_race_asian_vs_other": {
    "est": 0.056623668262911764,
    "p": 0.13596385204562725,
    "sig": false
  },
  "PFS_diff_race_other_vs_other": {
    "est": 0.005039694158330832,
    "p": 0.9384834743607535,
    "sig": false
  },
  "PFS_diff_insurance_medicare_vs_other": {
    "est": 0.01784765744155603,
    "p": 0.3301403214530218,
    "sig": false
  },
  "PFS_diff_insurance_private_vs_other": {
    "est": -0.013164525468205568,
    "p": 0.47724662170999776,
    "sig": false
  },
  "PFS_diff_insurance_medicaid_vs_other": {
    "est": -0.003942711426806245,
    "p": 0.8795193188422327,
    "sig": false
  },
  "PFS_diff_insurance_uninsured_vs_other": {
    "est": -0.018782460020491776,
    "p": 0.68331319243424,
    "sig": false
  },
  "PFS_diff_rural_residence": {
    "est": 0.015164024599399362,
    "p": 0.5044032799416598,
    "sig": false
  },
  "PFS_per_year_education": {
    "est": -0.0025225864169382923,
    "p": 0.4023725692098256,
    "sig": false
  },
  "PFS_per_pack_year_smoking": {
    "est": 0.00024710788761640994,
    "p": 0.5130601824457391,
    "sig": false
  },
  "PFS_per_allele_snp_rs4986893": {
    "est": -0.09207980200023787,
    "p": 0.014491558980688773,
    "sig": true
  },
  "PFS_per_allele_snp_rs429358": {
    "est": 0.04682935728222503,
    "p": 0.06391813219217045,
    "sig": false
  },