{
  "iter1": {
    "age": {
      "r": 0.701535072951399,
      "p": 0.0
    },
    "sex_female": {
      "mean_yes": 4.68567969110552,
      "mean_no": 4.69870228535169,
      "diff": -0.013022594246169916,
      "n_yes": 22371,
      "n_no": 27629,
      "t": -0.5805161398696755,
      "p": 0.5615693322608619
    },
    "postmenopausal": {
      "mean_yes": 4.683705706804519,
      "mean_no": 4.706906823669081,
      "diff": -0.02320111686456272,
      "n_yes": 30238,
      "n_no": 19762,
      "t": -1.0135950752851814,
      "p": 0.31078186628499643
    },
    "stage_iv": {
      "mean_yes": 3.616501277344159,
      "mean_no": 5.152818309244347,
      "diff": -1.5363170319001882,
      "n_yes": 14969,
      "n_no": 35031,
      "t": -66.61888127692949,
      "p": 0.0
    },
    "has_brain_mets": {
      "mean_yes": 3.749610922697449,
      "mean_no": 4.799783260190902,
      "diff": -1.0501723374934535,
      "n_yes": 5090,
      "n_no": 44910,
      "t": -29.42409553972706,
      "p": 1.4549955380425552e-178
    },
    "node_positive": {
      "mean_yes": 4.681141156463125,
      "mean_no": 4.704660136242143,
      "diff": -0.023518979779018068,
      "n_yes": 25053,
      "n_no": 24947,
      "t": -1.0535638201419322,
      "p": 0.29208775224471895
    },
    "ecog_ps": {
      "F": 2860.74974906467,
      "p": 0.0,
      "means": {
        "0": 5.63964562386016,
        "1": 4.444136464573715,
        "2": 3.2885045502064334
      }
    }
  },
  "iter2": {
    "er_positive": {
      "mean_yes": 4.864527289666697,
      "mean_no": 4.296671085377203,
      "diff": 0.5678562042894937,
      "n_yes": 34886,
      "n_no": 15114,
      "t": 25.592886175483276,
      "p": 3.704854712016327e-143
    },
    "pr_positive": {
      "mean_yes": 4.823513177190859,
      "mean_no": 4.461556342000816,
      "diff": 0.3619568351900426,
      "n_yes": 31954,
      "n_no": 18046,
      "t": 16.216672164034755,
      "p": 5.822526632644856e-59
    },
    "her2_positive": {
      "mean_yes": 4.317061212945953,
      "mean_no": 4.776043263859626,
      "diff": -0.45898205091367306,
      "n_yes": 9060,
      "n_no": 40940,
      "t": -17.76957174921497,
      "p": 6.101871955866938e-70
    },
    "her2_low": {
      "mean_yes": 4.764850415879415,
      "mean_no": 4.650448693456192,
      "diff": 0.11440172242322344,
      "n_yes": 18543,
      "n_no": 31457,
      "t": 4.883881486023146,
      "p": 1.044485889142057e-06
    },
    "brca1_mutation": {
      "mean_yes": 4.669001805867366,
      "mean_no": 4.6935014368083,
      "diff": -0.02449963094093377,
      "n_yes": 1277,
      "n_no": 48723,
      "t": -0.35288692121121523,
      "p": 0.7242284474252536
    },
    "brca2_mutation": {
      "mean_yes": 4.568551121917133,
      "mean_no": 4.69599033049163,
      "diff": -0.1274392085744971,
      "n_yes": 1222,
      "n_no": 48778,
      "t": -1.7444357344912003,
      "p": 0.08132287025972368
    },
    "pik3ca_mutation": {
      "mean_yes": 4.328062078915572,
      "mean_no": 4.886992119238073,
      "diff": -0.558930040322501,
      "n_yes": 17365,
      "n_no": 32635,
      "t": -25.64444394310201,
      "p": 6.066087429244211e-144
    },
    "ki67_pct": {
      "r": -0.09141848558859533,
      "p": 2.979162563057627e-93
    },
    "tumor_size_cm": {
      "r": 0.0003883799814269331,
      "p": 0.9307969148686394
    }
  },
  "iter3": {
    "albumin_g_dl": {
      "r": 0.10021045803542346,
      "p": 9.393535192804359e-112
    },
    "ldh_u_l": {
      "r": -0.01640106311208841,
      "p": 0.0002448912527249338
    },
    "crp_mg_l": {
      "r": -0.0032995233633787975,
      "p": 0.4606485034642748
    },
    "nlr": {
      "r": 0.0027593916702576345,
      "p": 0.5372317681288502
    },
    "weight_loss_pct_6mo": {
      "r": -0.11552760378938601,
      "p": 4.0746632668183206e-148
    },
    "hemoglobin_g_dl": {
      "r": -0.0045953046499004994,
      "p": 0.3041751583384692
    },
    "alkaline_phosphatase_u_l": {
      "r": -0.013294083602434866,
      "p": 0.002951884965321785
    },
    "ast_u_l": {
      "r": -0.0026322708935424327,
      "p": 0.5561430738074316
    },
    "alt_u_l": {
      "r": -0.0035742091439628096,
      "p": 0.42417443284854284
    },
    "total_bilirubin_mg_dl": {
      "r": -0.00893018161405371,
      "p": 0.04584265324093631
    },
    "creatinine_mg_dl": {
      "r": -0.00395983902783006,
      "p": 0.3759256966231398
    },
    "bun_mg_dl": {
      "r": -0.0011338879083479013,
      "p": 0.7998518923469274
    },
    "sodium_meq_l": {
      "r": -0.0019348505555050097,
      "p": 0.6652797217254306
    },
    "potassium_meq_l": {
      "r": 0.010022256931200253,
      "p": 0.025023158365827396
    },
    "calcium_mg_dl": {
      "r": -0.012838442767292822,
      "p": 0.004094220397479213
    }
  },
  "iter4": {
    "treatment_tamoxifen": {
      "mean_yes": 4.723026875263865,
      "mean_no": 4.679910674735056,
      "diff": 0.043116200528809046,
      "n_yes": 15035,
      "n_no": 34965,
      "t": 1.769024823665323,
      "p": 0.07690046611130903
    },
    "treatment_palbociclib": {
      "mean_yes": 5.408254502546887,
      "mean_no": 4.310104578819732,
      "diff": 1.0981499237271555,
      "n_yes": 17428,
      "n_no": 32572,
      "t": 43.54116323032869,
      "p": 0.0
    },
    "treatment_trastuzumab": {
      "mean_yes": 4.644527946010733,
      "mean_no": 4.70502164014168,
      "diff": -0.06049369413094663,
      "n_yes": 10039,
      "n_no": 39961,
      "t": -2.181641085974782,
      "p": 0.029150941723449633
    },
    "treatment_olaparib": {
      "mean_yes": 4.660192732292929,
      "mean_no": 4.696463633812372,
      "diff": -0.03627090151944312,
      "n_yes": 4946,
      "n_no": 45054,
      "t": -0.9746450267081367,
      "p": 0.3297750438787722
    },
    "treatment_sacituzumab_govitecan": {
      "mean_yes": 4.686301180215605,
      "mean_no": 4.693604110500705,
      "diff": -0.007302930285099762,
      "n_yes": 4987,
      "n_no": 45013,
      "t": -0.19405099802916212,
      "p": 0.8461423978581862
    },
    "treatment_pembrolizumab": {
      "mean_yes": 4.6300092812930975,
      "mean_no": 4.704118010446664,
      "diff": -0.0741087291535667,
      "n_yes": 7585,
      "n_no": 42415,
      "t": -2.3756930174214155,
      "p": 0.017533944373829276
    }
  }
}