{
  "pembro_TNBC_premeno_adj": {
    "coef": 0.021280694733057076,
    "p": 0.15810418670572718,
    "n_treated": 611,
    "n_total": 4163
  },
  "pembro_3way_inter": {
    "coef": -0.015861465774462673,
    "p": 0.8509073473711788
  },
  "sacituz_brain_inter": {
    "coef": 0.17305449901401407,
    "p": 0.00870171526521032
  },
  "ola_BRCAposERneg_adj": {
    "coef": 0.032484144778147275,
    "p": 0.5353745254769734,
    "n_treated": 55,
    "n_total": 750
  },
  "ola_3way_inter": {
    "coef": -0.008348938777066252,
    "p": 0.9691380604361863
  }
}