{
  "treatment_palbociclib_er_positive=1, her2_low=1, pik3ca_mutation=0": {
    "diff": 2.9147084185425998,
    "p": 0.0,
    "n_yes": 3019
  },
  "treatment_palbociclib_er_positive=1, her2_positive=0, pik3ca_mutation=0": {
    "diff": 2.9080955473029784,
    "p": 0.0,
    "n_yes": 6571
  },
  "treatment_palbociclib_her2_low=1, tnbc=0, pik3ca_mutation=0": {
    "diff": 2.759722707375989,
    "p": 0.0,
    "n_yes": 3192
  },
  "treatment_palbociclib_pr_positive=1, her2_positive=0, pik3ca_mutation=0": {
    "diff": 2.7485856415281162,
    "p": 0.0,
    "n_yes": 6011
  },
  "treatment_palbociclib_her2_positive=0, tnbc=0, pik3ca_mutation=0": {
    "diff": 2.740415826672268,
    "p": 0.0,
    "n_yes": 6987
  },
  "treatment_palbociclib_pr_positive=1, her2_low=1, pik3ca_mutation=0": {
    "diff": 2.7315425511688876,
    "p": 1.339323259766706e-286,
    "n_yes": 2749
  },
  "treatment_palbociclib_er_positive=1, pik3ca_mutation=0, postmenopausal=0": {
    "diff": 2.500540817068523,
    "p": 1.0972575714483567e-291,
    "n_yes": 3227
  },
  "treatment_palbociclib_er_positive=1, pik3ca_mutation=0, stage_iv=0": {
    "diff": 2.41446594690683,
    "p": 0.0,
    "n_yes": 5616
  },
  "treatment_palbociclib_er_positive=1, pr_positive=1, pik3ca_mutation=0": {
    "diff": 2.413558499435153,
    "p": 0.0,
    "n_yes": 6819
  },
  "treatment_palbociclib_er_positive=1, pik3ca_mutation=0, node_positive=0": {
    "diff": 2.4107338592371272,
    "p": 0.0,
    "n_yes": 4024
  },
  "treatment_palbociclib_er_positive=1, brca_mut=0, pik3ca_mutation=0": {
    "diff": 2.391511188451368,
    "p": 0.0,
    "n_yes": 7653
  },
  "treatment_palbociclib_er_positive=1, pik3ca_mutation=0, has_brain_mets=0": {
    "diff": 2.385332822557663,
    "p": 0.0,
    "n_yes": 7240
  },
  "treatment_palbociclib_er_positive=1, pik3ca_mutation=0, sex_female=1": {
    "diff": 2.382198251191088,
    "p": 6.9545068123178116e-304,
    "n_yes": 3592
  },
  "treatment_palbociclib_er_positive=1, pik3ca_mutation=0": {
    "diff": 2.3755561654432746,
    "p": 0.0,
    "n_yes": 8034
  },
  "treatment_palbociclib_er_positive=1, tnbc=0, pik3ca_mutation=0": {
    "diff": 2.3755561654432746,
    "p": 0.0,
    "n_yes": 8034
  },
  "treatment_palbociclib_er_positive=1, pik3ca_mutation=0, sex_female=0": {
    "diff": 2.370149103945071,
    "p": 0.0,
    "n_yes": 4442
  },
  "treatment_palbociclib_pr_positive=1, pik3ca_mutation=0, postmenopausal=0": {
    "diff": 2.367210183999447,
    "p": 1.8154403982558344e-239,
    "n_yes": 2927
  },
  "treatment_palbociclib_er_positive=1, pik3ca_mutation=0, node_positive=1": {
    "diff": 2.339854506694503,
    "p": 0.0,
    "n_yes": 4010
  },
  "treatment_palbociclib_er_positive=1, pik3ca_mutation=0, stage_iv=1": {
    "diff": 2.3027490669887474,
    "p": 1.0708583950966904e-204,
    "n_yes": 2418
  },
  "treatment_palbociclib_pr_positive=1, pik3ca_mutation=0, stage_iv=0": {
    "diff": 2.2985947592833424,
    "p": 0.0,
    "n_yes": 5125
  },
  "treatment_olaparib_her2_positive=1, node_positive=0": {
    "diff": -0.3475722093632956,
    "p": 0.0008088413814295474,
    "n_yes": 472
  },
  "treatment_olaparib_her2_positive=1, her2_low=0, node_positive=0": {
    "diff": -0.3475722093632956,
    "p": 0.0008088413814295474,
    "n_yes": 472
  },
  "treatment_olaparib_her2_positive=1, tnbc=0, node_positive=0": {
    "diff": -0.3475722093632956,
    "p": 0.0008088413814295474,
    "n_yes": 472
  },
  "treatment_olaparib_her2_positive=1, brca_mut=0, node_positive=0": {
    "diff": -0.38865275517394515,
    "p": 0.0002362380042060751,
    "n_yes": 449
  },
  "treatment_olaparib_er_positive=1, her2_positive=1, node_positive=0": {
    "diff": -0.45557361433787236,
    "p": 0.00036169272437798895,
    "n_yes": 320
  },
  "treatment_olaparib_her2_positive=1, pik3ca_mutation=1, sex_female=1": {
    "diff": -0.6191748958215366,
    "p": 0.0009186654620003063,
    "n_yes": 135
  },
  "treatment_olaparib_her2_positive=1, node_positive=0, postmenopausal=0": {
    "diff": -0.6354051399283187,
    "p": 0.0003435862846605827,
    "n_yes": 178
  },
  "treatment_olaparib_pr_positive=1, pik3ca_mutation=1, has_brain_mets=1": {
    "diff": -0.6426245603450913,
    "p": 0.0009982622512734914,
    "n_yes": 119
  },
  "treatment_trastuzumab_her2_low=1, stage_iv=0, node_positive=1": {
    "diff": -0.26486631459198584,
    "p": 0.00046255871407716297,
    "n_yes": 1315
  }
}