{
  "palbo_ERposHER2negPIK3CAwt_adj": {
    "coef": 2.9209972764806924,
    "p": 0.0,
    "n_treated": 6571,
    "n_total": 18681
  },
  "palbo_ERposHER2negPIK3CAmut_adj": {
    "coef": 0.004188597971597277,
    "p": 0.25432775152188425,
    "n_treated": 3400
  },
  "tras_HER2pos_adj": {
    "coef": 0.010478629350674076,
    "p": 0.2669023716123135
  },
  "ola_BRCApos_adj": {
    "coef": 0.023724260078644158,
    "p": 0.7803668778459188,
    "n_treated": 239,
    "n_total": 2499
  },
  "ola_BRCAposHER2neg_adj": {
    "coef": 0.02674284893933536,
    "p": 0.7966983727133561,
    "n_treated": 193,
    "n_total": 2023
  },
  "pembro_TNBC_adj": {
    "coef": 0.006614829816161259,
    "p": 0.49739110381334223,
    "n_treated": 1578,
    "n_total": 10496
  },
  "sacituz_brain_adj": {
    "coef": 0.17906916904167422,
    "p": 0.0038919184431042337,
    "n_treated": 490
  },
  "tam_ERpos_adj": {
    "coef": -0.003572366346800317,
    "p": 0.8427187446301022
  }
}