{
  "inter_treatment_tamoxifen_sex_female": {
    "coef": -0.030905667496514105,
    "p": 0.20884809858452258
  },
  "inter_treatment_tamoxifen_stage_iv": {
    "coef": -0.039075587500690345,
    "p": 0.1442876849966228
  },
  "inter_treatment_tamoxifen_has_brain_mets": {
    "coef": 0.016755989840969862,
    "p": 0.678451586028093
  },
  "inter_treatment_tamoxifen_node_positive": {
    "coef": 0.00952256581981772,
    "p": 0.6970173789570826
  },
  "inter_treatment_tamoxifen_postmenopausal": {
    "coef": -0.008290885775462987,
    "p": 0.7402747676920395
  },
  "inter_treatment_tamoxifen_er_positive": {
    "coef": 0.007338851541639338,
    "p": 0.7831999678179491
  },
  "inter_treatment_tamoxifen_pr_positive": {
    "coef": -0.012337491692800516,
    "p": 0.6280786023124106
  },
  "inter_treatment_tamoxifen_her2_positive": {
    "coef": 0.010483024975443563,
    "p": 0.743449868237561
  },
  "inter_treatment_tamoxifen_her2_low": {
    "coef": -0.01840644721699308,
    "p": 0.4672349353342099
  },
  "inter_treatment_tamoxifen_brca1_mutation": {
    "coef": 0.0632848926179648,
    "p": 0.42026327413297365
  },
  "inter_treatment_tamoxifen_brca2_mutation": {
    "coef": 0.04592741220950577,
    "p": 0.556760710541784
  },
  "inter_treatment_tamoxifen_pik3ca_mutation": {
    "coef": -0.009760877715295201,
    "p": 0.703376135757077
  },
  "inter_treatment_palbociclib_sex_female": {
    "coef": 0.04632241067541513,
    "p": 0.031162012730359796
  },
  "inter_treatment_palbociclib_stage_iv": {
    "coef": 0.015283490090059543,
    "p": 0.5124739529386316
  },
  "inter_treatment_palbociclib_has_brain_mets": {
    "coef": -0.015697109943059485,
    "p": 0.6581374845552582
  },
  "inter_treatment_palbociclib_node_positive": {
    "coef": -0.01969657688705824,
    "p": 0.3567642375013383
  },
  "inter_treatment_palbociclib_postmenopausal": {
    "coef": -0.025608852613964558,
    "p": 0.2410056462493708
  },
  "inter_treatment_palbociclib_er_positive": {
    "coef": 1.5592383057353656,
    "p": 0.0
  },
  "inter_treatment_palbociclib_pr_positive": {
    "coef": 1.0295248811043736,
    "p": 0.0
  },
  "inter_treatment_palbociclib_her2_positive": {
    "coef": -1.3378378772667623,
    "p": 0.0
  },
  "inter_treatment_palbociclib_her2_low": {
    "coef": 0.3827967681690969,
    "p": 3.4236350150010354e-67
  },
  "inter_treatment_palbociclib_brca1_mutation": {
    "coef": -0.0925595988510331,
    "p": 0.17385863821653055
  },
  "inter_treatment_palbociclib_brca2_mutation": {
    "coef": -0.15983135264308326,
    "p": 0.019836558514030028
  },
  "inter_treatment_palbociclib_pik3ca_mutation": {
    "coef": -1.6654738350409797,
    "p": 0.0
  },
  "inter_treatment_trastuzumab_sex_female": {
    "coef": -0.00375468425326958,
    "p": 0.8938567486755848
  },
  "inter_treatment_trastuzumab_stage_iv": {
    "coef": 0.05770347243754092,
    "p": 0.05842104948933499
  },
  "inter_treatment_trastuzumab_has_brain_mets": {
    "coef": -0.021965624526737202,
    "p": 0.6323234083417166
  },
  "inter_treatment_trastuzumab_node_positive": {
    "coef": -0.02788064973655946,
    "p": 0.3193040237401342
  },
  "inter_treatment_trastuzumab_postmenopausal": {
    "coef": -0.03025979744045087,
    "p": 0.2903977419772424
  },
  "inter_treatment_trastuzumab_er_positive": {
    "coef": -0.005662100373428644,
    "p": 0.8525682644903997
  },
  "inter_treatment_trastuzumab_pr_positive": {
    "coef": -0.0010179279202272677,
    "p": 0.9721034838473072
  },
  "inter_treatment_trastuzumab_her2_positive": {
    "coef": 0.008518984550434969,
    "p": 0.8126537701832236
  },
  "inter_treatment_trastuzumab_her2_low": {
    "coef": -0.02214359548172317,
    "p": 0.44639054882077256
  },
  "inter_treatment_trastuzumab_brca1_mutation": {
    "coef": -0.08564872180257342,
    "p": 0.3417416117361572
  },
  "inter_treatment_trastuzumab_brca2_mutation": {
    "coef": -0.14759024587656874,
    "p": 0.10217549920653192
  },
  "inter_treatment_trastuzumab_pik3ca_mutation": {
    "coef": 0.013246603372537781,
    "p": 0.6524806380126214
  },
  "inter_treatment_olaparib_sex_female": {
    "coef": 0.011932586287449181,
    "p": 0.7520287882977805
  },
  "inter_treatment_olaparib_stage_iv": {
    "coef": -0.006609304185345791,
    "p": 0.8719479566945013
  },
  "inter_treatment_olaparib_has_brain_mets": {
    "coef": -0.07504120798050475,
    "p": 0.22718466810625476
  },
  "inter_treatment_olaparib_node_positive": {
    "coef": -0.03935161890087798,
    "p": 0.2948241500762478
  },
  "inter_treatment_olaparib_postmenopausal": {
    "coef": 0.06247161094373446,
    "p": 0.10451754330437636
  },
  "inter_treatment_olaparib_er_positive": {
    "coef": -0.04474216925538586,
    "p": 0.2759487570171234
  },
  "inter_treatment_olaparib_pr_positive": {
    "coef": -0.015640419624180363,
    "p": 0.6895622408290915
  },
  "inter_treatment_olaparib_her2_positive": {
    "coef": 0.04202994251764747,
    "p": 0.39010952241693786
  },
  "inter_treatment_olaparib_her2_low": {
    "coef": -0.012463935513217218,
    "p": 0.7475076499701142
  },
  "inter_treatment_olaparib_brca1_mutation": {
    "coef": 0.10095612441679441,
    "p": 0.40697740349172773
  },
  "inter_treatment_olaparib_brca2_mutation": {
    "coef": -0.015754867459944324,
    "p": 0.8976407983669101
  },
  "inter_treatment_olaparib_pik3ca_mutation": {
    "coef": 0.04058961886644895,
    "p": 0.3003028775768974
  },
  "inter_treatment_sacituzumab_govitecan_sex_female": {
    "coef": -0.039924001647120205,
    "p": 0.28838302784897835
  },
  "inter_treatment_sacituzumab_govitecan_stage_iv": {
    "coef": 0.0425630062005226,
    "p": 0.2942923294096708
  },
  "inter_treatment_sacituzumab_govitecan_has_brain_mets": {
    "coef": 0.19481768366179028,
    "p": 0.0019072846103907952
  },
  "inter_treatment_sacituzumab_govitecan_node_positive": {
    "coef": 0.007775751504798693,
    "p": 0.8354788557671888
  },
  "inter_treatment_sacituzumab_govitecan_postmenopausal": {
    "coef": -0.012207044640035733,
    "p": 0.7496709032861626
  },
  "inter_treatment_sacituzumab_govitecan_er_positive": {
    "coef": 0.014501856359395278,
    "p": 0.7208131969211251
  },
  "inter_treatment_sacituzumab_govitecan_pr_positive": {
    "coef": -0.04867454377920146,
    "p": 0.2092431512022902
  },
  "inter_treatment_sacituzumab_govitecan_her2_positive": {
    "coef": -0.013889538938534748,
    "p": 0.7767906125817402
  },
  "inter_treatment_sacituzumab_govitecan_her2_low": {
    "coef": 0.04182374255760291,
    "p": 0.2811174263498623
  },
  "inter_treatment_sacituzumab_govitecan_brca1_mutation": {
    "coef": -0.06400262906375588,
    "p": 0.5861925825206826
  },
  "inter_treatment_sacituzumab_govitecan_brca2_mutation": {
    "coef": 0.060093508016295843,
    "p": 0.5987544533037605
  },
  "inter_treatment_sacituzumab_govitecan_pik3ca_mutation": {
    "coef": -0.03238667461053807,
    "p": 0.4088928760915324
  },
  "inter_treatment_pembrolizumab_sex_female": {
    "coef": -0.02546012966176385,
    "p": 0.417578619704102
  },
  "inter_treatment_pembrolizumab_stage_iv": {
    "coef": 0.027452891904923945,
    "p": 0.4207560840104512
  },
  "inter_treatment_pembrolizumab_has_brain_mets": {
    "coef": -0.023594647012105945,
    "p": 0.6483928283809716
  },
  "inter_treatment_pembrolizumab_node_positive": {
    "coef": -0.03557668233662458,
    "p": 0.2551759660792764
  },
  "inter_treatment_pembrolizumab_postmenopausal": {
    "coef": -0.03292531030972748,
    "p": 0.30499204303684435
  },
  "inter_treatment_pembrolizumab_er_positive": {
    "coef": -0.07468118604262805,
    "p": 0.027648417217042972
  },
  "inter_treatment_pembrolizumab_pr_positive": {
    "coef": -0.03399821184496359,
    "p": 0.29635556824869225
  },
  "inter_treatment_pembrolizumab_her2_positive": {
    "coef": 0.041839417159167794,
    "p": 0.301697965093816
  },
  "inter_treatment_pembrolizumab_her2_low": {
    "coef": 0.03904160544426807,
    "p": 0.2280295101050966
  },