{
  "treatment_tamoxifen_main": {
    "mean_yes": 4.723026875263865,
    "mean_no": 4.679910674735056,
    "diff": 0.043116200528809046,
    "p": 0.07690046611130903,
    "n_yes": 15035
  },
  "treatment_palbociclib_main": {
    "mean_yes": 5.408254502546887,
    "mean_no": 4.310104578819732,
    "diff": 1.0981499237271555,
    "p": 0.0,
    "n_yes": 17428
  },
  "treatment_trastuzumab_main": {
    "mean_yes": 4.644527946010733,
    "mean_no": 4.70502164014168,
    "diff": -0.06049369413094663,
    "p": 0.029150941723449633,
    "n_yes": 10039
  },
  "treatment_olaparib_main": {
    "mean_yes": 4.660192732292929,
    "mean_no": 4.696463633812372,
    "diff": -0.03627090151944312,
    "p": 0.3297750438787722,
    "n_yes": 4946
  },
  "treatment_sacituzumab_govitecan_main": {
    "mean_yes": 4.686301180215605,
    "mean_no": 4.693604110500705,
    "diff": -0.007302930285099762,
    "p": 0.8461423978581862,
    "n_yes": 4987
  },
  "treatment_pembrolizumab_main": {
    "mean_yes": 4.6300092812930975,
    "mean_no": 4.704118010446664,
    "diff": -0.0741087291535667,
    "p": 0.017533944373829276,
    "n_yes": 7585
  },
  "tam_er0": {
    "diff": 0.08142329130992021,
    "p": 0.0300064652843427,
    "n_yes": 4500,
    "mean_yes": 4.353851634137524,
    "mean_no": 4.272428342827604
  },
  "tam_er1": {
    "diff": 0.023197026748751348,
    "p": 0.44984896686617,
    "n_yes": 10535,
    "mean_yes": 4.880719194681856,
    "mean_no": 4.857522167933105
  },
  "tam_er_inter": {
    "coef": -0.008887132006291584,
    "p": 0.7658966850179454
  },
  "palbo_hrposher2neg0": {
    "diff": -0.008739921508530202,
    "p": 0.7834488390596427,
    "n_yes": 6830,
    "mean_yes": 4.304795831303263,
    "mean_no": 4.313535752811793
  },
  "palbo_hrposher2neg1": {
    "diff": 1.8114864417531642,
    "p": 0.0,
    "n_yes": 10598,
    "mean_yes": 6.119390823040749,
    "mean_no": 4.307904381287585
  },
  "palbo_hr_inter": {
    "coef": 1.8197170067165447,
    "p": 0.0
  },
  "tras_her20": {
    "diff": -0.051216497794508875,
    "p": 0.10429069331141248,
    "n_yes": 8149,
    "mean_yes": 4.735021276092657,
    "mean_no": 4.786237773887166
  },
  "tras_her21": {
    "diff": -0.0792376578916496,
    "p": 0.15296833061858658,
    "n_yes": 1890,
    "mean_yes": 4.2543532651442835,
    "mean_no": 4.333590923035933
  },
  "tras_her2_inter": {
    "coef": 0.0115161214656306,
    "p": 0.7764145104887835
  },
  "ola_brca0": {
    "diff": -0.055916294449376736,
    "p": 0.14271435751829525,
    "n_yes": 4707,
    "mean_yes": 4.646340479778561,
    "mean_no": 4.702256774227938
  },
  "ola_brca1": {
    "diff": 0.3462385468049467,
    "p": 0.041422656278599444,
    "n_yes": 239,
    "mean_yes": 4.933006759845755,
    "mean_no": 4.586768213040808
  },
  "ola_brca_inter": {
    "coef": 0.13994694399263663,
    "p": 0.1592528976370715
  },
  "ola_brca1_mutation0": {
    "diff": -0.047177152972806446,
    "p": 0.20980981892636025,
    "n_yes": 4826,
    "mean_yes": 4.650997168104664,
    "mean_no": 4.69817432107747
  },
  "ola_brca1_mutation1": {
    "diff": 0.39844813408258783,
    "p": 0.11673257796925156,
    "n_yes": 120,
    "mean_yes": 5.030007672064356,
    "mean_no": 4.631559537981768
  },
  "ola_brca2_mutation0": {
    "diff": -0.04451717751389328,
    "p": 0.23804270097693817,
    "n_yes": 4827,
    "mean_yes": 4.655878508175972,
    "mean_no": 4.700395685689865
  },
  "ola_brca2_mutation1": {
    "diff": 0.2954066921274219,
    "p": 0.1917526894040792,
    "n_yes": 119,
    "mean_yes": 4.835190713911033,
    "mean_no": 4.539784021783611
  },
  "pembro_TNBC": {
    "diff": 0.07150450394451546,
    "p": 0.2222931419185281,
    "n_yes": 1578,
    "mean_yes": 4.3655596508166,
    "mean_no": 4.2940551468720844
  },
  "pembro_nonTNBC": {
    "diff": -0.11381170684627229,
    "p": 0.0016678537294084657,
    "n_yes": 6007,
    "mean_yes": 4.699478486702106,
    "mean_no": 4.8132901935483785
  },
  "pembro_HER2pos": {
    "diff": -0.10488336627359551,
    "p": 0.0963964314228043,
    "n_yes": 1382,
    "mean_yes": 4.228176611814754,
    "mean_no": 4.333059978088349
  },
  "pembro_HRposHER2neg": {
    "diff": -0.11579146446271782,
    "p": 0.006848248146137582,
    "n_yes": 4625,
    "mean_yes": 4.840308582073852,
    "mean_no": 4.956100046536569
  },
  "sacituz_TNBC": {
    "diff": -0.08521215336570442,
    "p": 0.21726552166780422,
    "n_yes": 1084,
    "mean_yes": 4.228393687244267,
    "mean_no": 4.313605840609972
  },
  "sacituz_nonTNBC": {
    "diff": 0.01941215271890595,
    "p": 0.658051357963291,
    "n_yes": 3903,
    "mean_yes": 4.81347815238597,
    "mean_no": 4.7940659996670645
  },
  "sacituz_HRposHER2neg": {
    "diff": -2.4204293918472786e-05,
    "p": 0.9996268573175076,
    "n_yes": 3021,
    "mean_yes": 4.938487404390591,
    "mean_no": 4.938511608684509
  },
  "sacituz_HER2pos": {
    "diff": 0.0755985889827242,
    "p": 0.3273995400722166,
    "n_yes": 882,
    "mean_yes": 4.385300204193273,
    "mean_no": 4.309701615210549
  }
}