{
  "iter23_palbociclib_final_quad": {
    "ER+/HER2-/PIK3CA-WT/Ki67<12": {
      "label": "quad_ki67<12",
      "n_on": 3211,
      "n_off": 5904,
      "mean_on": 9.238237491003419,
      "mean_off": 4.278344340625288,
      "diff": 4.959893150378131,
      "p_value": 0.0
    },
    "ER+/HER2-/PIK3CA-WT/Ki67<13": {
      "label": "quad_ki67<13",
      "n_on": 3548,
      "n_off": 6410,
      "mean_on": 9.217545980605875,
      "mean_off": 4.28625791130045,
      "diff": 4.931288069305425,
      "p_value": 0.0
    },
    "ER+/HER2-/PIK3CA-WT/Ki67<14": {
      "label": "quad_ki67<14",
      "n_on": 3829,
      "n_off": 6923,
      "mean_on": 9.228140572651547,
      "mean_off": 4.284462933021064,
      "diff": 4.943677639630483,
      "p_value": 0.0
    },
    "ER+/HER2-/PIK3CA-WT/Ki67<15": {
      "label": "quad_ki67<15",
      "n_on": 4070,
      "n_off": 7420,
      "mean_on": 8.973378762899078,
      "mean_off": 4.286863465136399,
      "diff": 4.6865152977626785,
      "p_value": 0.0
    },
    "adjusted_quad_ki67_lt_14": {
      "palbo_main_outside_quad": 0.007982169813888032,
      "palbo_main_p": 0.0003927282829753533,
      "inter_coef": 4.968545597612071,
      "inter_p": 0.0,
      "effect_in_quad": 4.976527767425959,
      "r_squared": 0.9927718302888207,
      "n_quad": 10752
    },
    "raw_diff_quad_vs_outside": {
      "quad_mean_on": 9.228140572651547,
      "quad_mean_off": 4.284462933021064,
      "quad_diff": 4.943677639630483,
      "quad_p": 0.0,
      "outside_mean_on": 4.332708965196291,
      "outside_mean_off": 4.317025593824766,
      "outside_diff": 0.015683371371524757,
      "outside_p": 0.4845743311428695
    }
  },
  "iter24_olaparib_final_subgroup": {
    "BRCA either AND ER- AND HER2- (TNBC+BRCA)": {
      "label": "BRCA either AND ER- AND HER2- (TNBC+BRCA)",
      "n_on": 43,
      "n_off": 556,
      "mean_on": 4.845730386647684,
      "mean_off": 4.109676916042793,
      "diff": 0.7360534706048911,
      "p_value": 0.00974728604794587
    },
    "BRCA either AND ER- AND HER2- AND PR-": {
      "label": "BRCA either AND ER- AND HER2- AND PR-",
      "n_on": 35,
      "n_off": 463,
      "mean_on": 4.901114138326866,
      "mean_off": 4.1502720731849685,
      "diff": 0.7508420651418977,
      "p_value": 0.02153956556736831
    },
    "BRCA either AND ER- AND HER2- AND no brain mets": {
      "label": "BRCA either AND ER- AND HER2- AND no brain mets",
      "n_on": 41,
      "n_off": 499,
      "mean_on": 4.94634282451983,
      "mean_off": 4.216630693704974,
      "diff": 0.729712130814856,
      "p_value": 0.011561072020339729
    },
    "BRCA1 only AND ER- AND HER2-": {
      "label": "BRCA1 only AND ER- AND HER2-",
      "n_on": 20,
      "n_off": 275,
      "mean_on": 4.680498626161247,
      "mean_off": 4.082432836155173,
      "diff": 0.598065790006074,
      "p_value": 0.15668918182603153
    },
    "BRCA2 only AND ER- AND HER2-": {
      "label": "BRCA2 only AND ER- AND HER2-",
      "n_on": 23,
      "n_off": 281,
      "mean_on": 4.98941017837502,
      "mean_off": 4.136339271804697,
      "diff": 0.8530709065703226,
      "p_value": 0.03091813946147626
    },
    "BRCA either control: not BRCA": {
      "label": "BRCA either control: not BRCA",
      "n_on": 1150,
      "n_off": 10602,
      "mean_on": 4.259641086340607,
      "mean_off": 4.307803538435194,
      "diff": -0.04816245209458714,
      "p_value": 0.452279645605256
    },
    "adjusted_interaction_in_TNBC": {
      "inter_coef": -0.016348755984106265,
      "inter_p": 0.5978055072537981,
      "olap_main_in_brca_neg_tnbc": 0.003555795644035003,
      "effect_in_brca_pos_tnbc": -0.012792960340071262,
      "n_tnbc": 12351
    }
  },
  "iter25_final_consolidated": {
    "treatment_trastuzumab_in_all": {
      "coef": -0.011320341265719984,
      "p": 0.41844833994489933,
      "se": 0.013990880770816349,
      "n": 50000
    },
    "treatment_trastuzumab_in_HER2+": {
      "coef": 0.0013292349620605513,
      "p": 0.8003038193642429,
      "se": 0.005254695601964048,
      "n": 9060
    },
    "treatment_pembrolizumab_in_all": {
      "coef": -0.023310724582173467,
      "p": 0.13567638314049202,
      "se": 0.015622648687735973,
      "n": 50000
    },
    "treatment_pembrolizumab_in_TNBC": {
      "coef": 0.00735135870756842,
      "p": 0.1267560498276798,
      "se": 0.004813861322182948,
      "n": 12351
    },
    "treatment_sacituzumab_govitecan_in_all": {
      "coef": 0.032047259618311764,
      "p": 0.08662053345403527,
      "se": 0.018702435128429885,
      "n": 50000
    },
    "treatment_sacituzumab_govitecan_in_TNBC": {
      "coef": 0.0029987949027709057,
      "p": 0.600279745957497,
      "se": 0.00572276213837857,
      "n": 12351
    },
    "treatment_sacituzumab_govitecan_in_HER2-low": {
      "coef": 0.06260129534694646,
      "p": 0.06238938452117206,
      "se": 0.03359104020092319,
      "n": 18543
    },
    "treatment_tamoxifen_in_all": {
      "coef": -0.0027204341707739695,
      "p": 0.8238680834928153,
      "se": 0.012222612452243115,
      "n": 50000
    },
    "treatment_tamoxifen_in_ER+": {
      "coef": 0.0019690975960663212,
      "p": 0.9080373613593369,
      "se": 0.017046206370708496,
      "n": 34886
    },
    "palbociclib_top10_4way_subgroups": [
      {
        "subgroup": "er_positive AND her2_low AND ki67_low14 AND NOT_pik3ca_mutation",
        "n_on": 1737,
        "n_off": 3132,
        "diff": 5.026218542172189,
        "p": 0.0,
        "t": 76.22821924368724
      },
      {
        "subgroup": "er_positive AND ki67_low14 AND NOT_her2_positive AND NOT_pik3ca_mutation",
        "n_on": 3829,
        "n_off": 6923,
        "diff": 4.943677639630483,
        "p": 0.0,
        "t": 112.0908342567996
      },
      {
        "subgroup": "pr_positive AND her2_low AND ki67_low14 AND NOT_pik3ca_mutation",
        "n_on": 1570,
        "n_off": 2858,
        "diff": 4.776968324137547,
        "p": 0.0,
        "t": 64.6411803700212
      },
      {
        "subgroup": "pr_positive AND ki67_low14 AND NOT_her2_positive AND NOT_pik3ca_mutation",
        "n_on": 3521,
        "n_off": 6343,
        "diff": 4.669833663826914,
        "p": 0.0,
        "t": 93.33550958684647
      },
      {
        "subgroup": "er_positive AND ki67_low14 AND NOT_postmenopausal AND NOT_pik3ca_mutation",
        "n_on": 1891,
        "n_off": 3262,
        "diff": 4.1459091161704755,
        "p": 0.0,
        "t": 54.25555266776583
      },
      {
        "subgroup": "er_positive AND pr_positive AND ki67_low14 AND NOT_pik3ca_mutation",
        "n_on": 3955,
        "n_off": 7170,
        "diff": 4.139605545027566,
        "p": 0.0,
        "t": 79.06055256753923
      },
      {
        "subgroup": "er_positive AND ki67_low14 AND NOT_stage_iv AND NOT_pik3ca_mutation",
        "n_on": 3234,
        "n_off": 5927,
        "diff": 4.138825833079019,
        "p": 0.0,
        "t": 74.73314498614097
      },
      {
        "subgroup": "node_positive AND er_positive AND ki67_low14 AND NOT_pik3ca_mutation",
        "n_on": 2299,
        "n_off": 4225,
        "diff": 4.0859438317605346,
        "p": 0.0,
        "t": 58.27507528088222
      },
      {
        "subgroup": "er_positive AND ki67_low14 AND NOT_has_brain_mets AND NOT_pik3ca_mutation",
        "n_on": 4190,
        "n_off": 7543,
        "diff": 4.082231512446159,
        "p": 0.0,
        "t": 80.49517403995318
      },
      {
        "subgroup": "er_positive AND ki67_low14 AND NOT_brca2_mutation AND NOT_pik3ca_mutation",
        "n_on": 4550,
        "n_off": 8248,
        "diff": 4.073496140996174,
        "p": 0.0,
        "t": 83.15936723527027
      }
    ],
    "palbociclib_count_searched_subgroups": 7281
  }
}