{
  "sot_kras_sex": {
    "kras=0_sex_female=0": {
      "effect": -0.019283884870977097,
      "n_total": 24121,
      "n_on": 8539,
      "n_off": 15582,
      "p": 0.4972837264764569
    },
    "kras=0_sex_female=1": {
      "effect": 0.012205132894798076,
      "n_total": 19511,
      "n_on": 6759,
      "n_off": 12752,
      "p": 0.6996023276963471
    },
    "kras=1_sex_female=0": {
      "effect": 4.644076335626801,
      "n_total": 3508,
      "n_on": 1237,
      "n_off": 2271,
      "p": 0.0
    },
    "kras=1_sex_female=1": {
      "effect": -0.011977522558237474,
      "n_total": 2860,
      "n_on": 1009,
      "n_off": 1851,
      "p": 0.8844188917800981
    },
    "treatment_sotorasib": {
      "beta": -0.019283884871028317,
      "p": 0.4988615204200041
    },
    "treatment_sotorasib:kras_g12c": {
      "beta": 4.663360220498115,
      "p": 0.0
    },
    "treatment_sotorasib:sex_female": {
      "beta": 0.031489017765783216,
      "p": 0.46147284445007924
    },
    "treatment_sotorasib:kras_g12c:sex_female": {
      "beta": -4.687542875950799,
      "p": 0.0
    }
  },
  "sot_kras_sex_means": {
    "kras1_male_means": {
      "on": 7.876041564106859,
      "off": 3.231965228480058,
      "diff": 4.644076335626801,
      "n_on": 1237,
      "n_off": 2271
    },
    "kras1_female_means": {
      "on": 3.1785297545265903,
      "off": 3.1905072770848277,
      "diff": -0.011977522558237474,
      "n_on": 1009,
      "n_off": 1851
    }
  },
  "sot_kras_smoking": {
    "kras1_smk=current": {
      "effect": 2.474695013535611,
      "n": 2947,
      "n_on": 1044,
      "n_off": 1903
    },
    "kras1_smk=former": {
      "effect": 2.6589303979817878,
      "n": 3271,
      "n_on": 1156,
      "n_off": 2115
    },
    "kras1_smk=never": {
      "effect": 1.7569523997702432,
      "n": 150,
      "n_on": 46,
      "n_off": 104
    }
  },
  "osi_alk_egfr": {
    "alk=0_egfr=0": {
      "effect": -0.005441921288324103,
      "n": 41541,
      "p": 0.8205859690878202
    },
    "alk=0_egfr=1": {
      "effect": -0.022545191005436394,
      "n": 5995,
      "p": 0.710084989716893
    },
    "alk=1_egfr=0": {
      "effect": 0.2598994806306054,
      "n": 1942,
      "p": 0.019671450610100536
    },
    "alk=1_egfr=1": {
      "effect": 0.10963202678682737,
      "n": 522,
      "p": 0.5816475589830392
    }
  },
  "pembro_kras": {
    "treatment_pembrolizumab": {
      "beta": -0.020451293508684725,
      "p": 0.33551040412288596
    },
    "treatment_pembrolizumab:kras_g12c": {
      "beta": -0.11347974177707143,
      "p": 0.05651087070858939
    },
    "pembro_pdl1ge0.5_stk11=0_kras=0": {
      "effect": -0.07591649127042066,
      "n": 7962
    },
    "pembro_pdl1ge0.5_stk11=0_kras=1": {
      "effect": -0.20818699601552826,
      "n": 1187
    }
  },
  "brute_3": {
    "treatment_pembrolizumab": [
      {
        "sub": "sex_female=1, egfr_mutation=1, alk_fusion=1",
        "n": 237,
        "effect": 0.6041056304149226
      },
      {
        "sub": "egfr_mutation=1, tmb_high=1, smk_current=1",
        "n": 208,
        "effect": 0.5528159368708456
      },
      {
        "sub": "brca2_mutation=1, tmb_high=1, smk_current=1",
        "n": 200,
        "effect": 0.5114183320322154
      },
      {
        "sub": "egfr_mutation=1, hist_sq=1, smk_current=1",
        "n": 228,
        "effect": 0.44440358355179965
      },
      {
        "sub": "has_brain_mets=1, egfr_mutation=1, stk11_mutation=1",
        "n": 236,
        "effect": 0.4318519248082189
      },
      {
        "sub": "egfr_mutation=1, tmb_high=1, hist_sq=1",
        "n": 252,
        "effect": 0.4212207692855028
      },
      {
        "sub": "sex_female=1, egfr_mutation=1, smk_current=1",
        "n": 214,
        "effect": 0.4162553536983835
      },
      {
        "sub": "alk_fusion=1, stk11_mutation=1, hist_sq=0",
        "n": 267,
        "effect": 0.4085690516206011
      },
      {
        "sub": "has_brain_mets=0, egfr_mutation=1, alk_fusion=1",
        "n": 386,
        "effect": 0.3951744670931805
      },
      {
        "sub": "sex_female=0, brca2_mutation=1, hist_sq=1",
        "n": 203,
        "effect": 0.38316392495922713
      }
    ],
    "treatment_olaparib": [
      {
        "sub": "has_brain_mets=1, kras_g12c=1, stk11_mutation=1",
        "n": 223,
        "effect": 0.8923813924876733
      },
      {
        "sub": "has_brain_mets=1, egfr_mutation=1, stk11_mutation=1",
        "n": 236,
        "effect": 0.8764254223190999
      },
      {
        "sub": "stage_iv=1, egfr_mutation=1, kras_g12c=1",
        "n": 258,
        "effect": 0.5956284950143376
      },
      {
        "sub": "kras_g12c=0, stk11_mutation=1, brca2_mutation=1",
        "n": 208,
        "effect": 0.5405319183328174
      },
      {
        "sub": "sex_female=0, kras_g12c=1, stk11_mutation=1",
        "n": 477,
        "effect": 0.5364928183336799
      },
      {
        "sub": "sex_female=0, stage_iv=0, brca2_mutation=1",
        "n": 302,
        "effect": 0.4399444110421147
      },
      {
        "sub": "stage_iv=0, kras_g12c=1, hist_sq=1",
        "n": 765,
        "effect": 0.4112159576537566
      },
      {
        "sub": "sex_female=0, stk11_mutation=1, smk_never=1",
        "n": 605,
        "effect": 0.4082969145961379
      },
      {
        "sub": "has_brain_mets=1, stk11_mutation=1, smk_never=1",
        "n": 259,
        "effect": 0.3980461068336951
      },
      {
        "sub": "stage_iv=1, brca2_mutation=1, tmb_high=1",
        "n": 261,
        "effect": 0.3873164523561128
      }
    ],
    "treatment_osimertinib": [
      {
        "sub": "kras_g12c=1, alk_fusion=1, stk11_mutation=0",
        "n": 220,
        "effect": 0.7852220204463127
      },
      {
        "sub": "kras_g12c=1, alk_fusion=1, brca2_mutation=0",
        "n": 251,
        "effect": 0.7086335302630369
      },
      {
        "sub": "kras_g12c=1, alk_fusion=1, smk_never=0",
        "n": 248,
        "effect": 0.6797097460934118
      },
      {
        "sub": "egfr_mutation=0, kras_g12c=1, alk_fusion=1",
        "n": 240,
        "effect": 0.6682715386037579
      },
      {
        "sub": "kras_g12c=1, stk11_mutation=1, smk_current=1",
        "n": 423,
        "effect": 0.6591099223205967
      },
      {
        "sub": "kras_g12c=1, stk11_mutation=1, hist_sq=0",
        "n": 593,
        "effect": 0.6471773596383779
      },
      {
        "sub": "kras_g12c=1, stk11_mutation=1, tmb_high=1",
        "n": 315,
        "effect": 0.5583228514141783
      },
      {
        "sub": "sex_female=1, kras_g12c=1, stk11_mutation=1",
        "n": 419,
        "effect": 0.5541115734621136
      },
      {
        "sub": "egfr_mutation=0, kras_g12c=1, stk11_mutation=1",
        "n": 845,
        "effect": 0.4959522538290777
      },
      {
        "sub": "sex_female=1, egfr_mutation=1, alk_fusion=1",
        "n": 237,
        "effect": 0.4870528079151719
      }
    ]
  },
  "sot_adj": {
    "sot_kras1_male_adj": {
      "beta_sot": 4.667109112274886,
      "p": 0.0,
      "n": 3508
    },
    "sot_kras1_female_adj": {
      "beta_sot": -0.020039774225416557,
      "p": 0.7912374498454172,
      "n": 2860
    }
  }
}