{
  "iter1_feature_078": {
    "pearson_r": 0.7661014023245134,
    "pearson_p": 0.0,
    "ols_slope": 0.17650161451022284,
    "ols_p": 0.0,
    "intercept": -7.158885384029278
  },
  "iter2_feature_057": {
    "slope": -1.189668045730291,
    "p": 0.0,
    "means": {
      "0": 5.271274530331505,
      "1": 4.053644171440389,
      "2": 2.9077880804279213
    },
    "ns": {
      "0": 17592,
      "1": 24971,
      "2": 7437
    }
  },
  "iter3_feature_051": {
    "mean_0": 5.0547075243979975,
    "mean_1": 3.7027062826990917,
    "diff_1_minus_0": -1.3520012416989058,
    "p": 0.0,
    "n_0": 22519,
    "n_1": 27481
  },
  "iter4_feature_038": {
    "mean_0": 4.116760508426309,
    "mean_1": 5.088922220206073,
    "diff_1_minus_0": 0.9721617117797638,
    "p": 0.0,
    "n_0": 39978,
    "n_1": 10022
  },
  "iter5_more_binaries": {
    "feature_013": {
      "mean_0": 4.4481986529846935,
      "mean_1": 4.121425633917682,
      "diff": -0.3267730190670113,
      "p": 8.528254521828706e-56,
      "n_0": 29102,
      "n_1": 20898
    },
    "feature_043": {
      "mean_0": 4.419401271577806,
      "mean_1": 4.114194640659866,
      "diff": -0.3052066309179402,
      "p": 5.226482978508247e-46,
      "n_0": 32343,
      "n_1": 17657
    },
    "feature_109": {
      "mean_0": 4.321975001592822,
      "mean_1": 4.09410529082308,
      "diff": -0.22786971076974183,
      "p": 3.685352684467016e-06,
      "n_0": 47728,
      "n_1": 2272
    },
    "feature_067": {
      "mean_0": 4.304960831051133,
      "mean_1": 4.526068762137205,
      "diff": 0.22110793108607218,
      "p": 0.00022826087736193661,
      "n_0": 48494,
      "n_1": 1506
    }
  },
  "iter6_continuous": {
    "feature_092": {
      "r": 0.1017696822037902,
      "p": 3.248766421347271e-115
    },
    "feature_099": {
      "r": -0.12285577040366533,
      "p": 2.2067463507322854e-167
    },
    "feature_009": {
      "r": -0.03773937205463503,
      "p": 3.1308680243784293e-17
    }
  },
  "iter7_race": {
    "overall_F": 0.8724314412177243,
    "overall_p": 0.4794502059601774,
    "means": {
      "white": 4.315667554390914,
      "hispanic": 4.314635687573159,
      "asian": 4.30573528232173,
      "black": 4.273362668088064,
      "other": 4.407088298549452
    },
    "ns": {
      "white": 32456,
      "hispanic": 7572,
      "asian": 3003,
      "black": 5996,
      "other": 973
    },
    "pairwise_vs_white": {
      "hispanic": {
        "diff_vs_white": -0.0010318668177546897,
        "p": 0.9718198199112132
      },
      "asian": {
        "diff_vs_white": -0.009932272069184123,
        "p": 0.819405468666669
      },
      "black": {
        "diff_vs_white": -0.04230488630285034,
        "p": 0.18717404481198557
      },
      "other": {
        "diff_vs_white": 0.09142074415853774,
        "p": 0.21857106479835564
      }
    }
  },
  "iter8_insurance": {
    "overall_F": 1.4749275499930867,
    "overall_p": 0.21911235021866027,
    "means": {
      "medicare": 4.311569491987207,
      "private": 4.330219858522746,
      "uninsured": 4.248637881550722,
      "medicaid": 4.276909402532674
    },
    "ns": {
      "medicare": 21105,
      "private": 19898,
      "uninsured": 2006,
      "medicaid": 6991
    }
  },
  "iter9_mvm": {
    "r2": 0.8560856538828452,
    "params": {
      "Intercept": -6.881697927965002,
      "feature_078": 0.17587147170973283,
      "feature_057": -1.1720962479371795,
      "feature_051": -1.3606126580673286,
      "feature_038": 0.9420701093583452,
      "feature_013": -0.3274272652106976,
      "feature_043": -0.2864481845917844,
      "feature_099": -0.07603449738368731,
      "feature_092": 0.4699794952019409
    },
    "pvalues": {
      "Intercept": 0.0,
      "feature_078": 0.0,
      "feature_057": 0.0,
      "feature_051": 0.0,
      "feature_038": 0.0,
      "feature_013": 0.0,
      "feature_043": 6.136667749580094e-268,
      "feature_099": 0.0,
      "feature_092": 0.0
    }
  },
  "iter10_int_038x051": {
    "interaction_coef": 0.02933911708366429,
    "interaction_p": 0.17868115813213348,
    "main_038": 0.9189869964600207,
    "main_051": -1.3597218311505346
  },
  "iter11_038_by_race": {
    "white": {
      "diff": 0.9213480649326478,
      "p": 4.753992141991902e-189,
      "n_0": 25963,
      "n_1": 6493
    },
    "hispanic": {
      "diff": 1.1142153405433168,
      "p": 6.988355614246901e-63,
      "n_0": 6073,
      "n_1": 1499
    },
    "asian": {
      "diff": 1.0895771172649047,
      "p": 9.330245852947757e-27,
      "n_0": 2368,
      "n_1": 635
    },
    "black": {
      "diff": 0.9705086115752408,
      "p": 6.250779462272264e-40,
      "n_0": 4788,
      "n_1": 1208
    },
    "other": {
      "diff": 1.2218913956391795,
      "p": 4.672126943741734e-10,
      "n_0": 786,
      "n_1": 187
    },
    "_interaction_F": 2.3963563447159344,
    "_interaction_p": 0.048035682000892366
  },
  "iter12_051_by_race": {
    "white": {
      "diff": -1.340640200381316,
      "p": 0.0,
      "n_0": 14714,
      "n_1": 17742
    },
    "hispanic": {
      "diff": -1.3892352108519739,
      "p": 3.399719501870389e-153,
      "n_0": 3348,
      "n_1": 4224
    },
    "asian": {
      "diff": -1.3344768328555454,
      "p": 9.536428658510243e-59,
      "n_0": 1341,
      "n_1": 1662
    },
    "black": {
      "diff": -1.3474869645161776,
      "p": 5.389703904355355e-118,
      "n_0": 2671,
      "n_1": 3325
    },
    "other": {
      "diff": -1.5213204128177193,
      "p": 2.3139552423671793e-23,
      "n_0": 445,
      "n_1": 528
    },
    "_interaction_F": 0.32238657509296764,
    "_interaction_p": 0.8631450942818113
  },
  "iter13_038_by_insurance": {
    "medicare": {
      "diff": 0.9646343817697414,
      "p": 8.404811013368901e-135
    },
    "private": {
      "diff": 0.934915883020957,
      "p": 4.262403087230478e-120
    },
    "uninsured": {
      "diff": 0.9334610908510577,
      "p": 3.0726582189757513e-13
    },
    "medicaid": {
      "diff": 1.111671518153976,
      "p": 6.713907727926319e-58
    },
    "_interaction_F": 1.2967980928819087,
    "_interaction_p": 0.2735580429278086
  },
  "iter14_int_038x057": {
    "interaction_coef": -0.05852849272099162,
    "interaction_p": 0.00025137921842099026,
    "stratified": {
      "0": {
        "diff": 0.9245424870176073,
        "p": 1.95028618383078e-115,
        "n_0": 13979,
        "n_1": 3613
      },
      "1": {
        "diff": 0.9949156448619663,
        "p": 4.048951028823353e-190,
        "n_0": 20026,
        "n_1": 4945
      },
      "2": {
        "diff": 0.8963012134307369,
        "p": 7.830973754433819e-52,
        "n_0": 5973,
        "n_1": 1464
      }
    }
  },
  "iter15_int_age038": {
    "interaction_coef": 0.0011704196387943523,
    "interaction_p": 0.2805462650792458
  },
  "iter16_lab_adjusted": {
    "feature_099_coef": -0.07437415546868434,
    "feature_099_p": 0.0,
    "feature_092_coef": 0.45255973920601866,
    "feature_092_p": 0.0
  },
  "iter17_feature_071": {
    "pearson_r": -0.0026952849853847994,
    "pearson_p": 0.546728194966553,
    "adj_coef": -0.0031536869576968833,
    "adj_p": 0.12548583726131887
  },
  "iter18_5level_ords": {
    "feature_025": {
      "r": 0.003864623840956465,
      "p": 0.3875122049224429
    },
    "feature_075": {
      "r": -0.0008285051512659905,
      "p": 0.853029201201882
    },
    "feature_026": {
      "r": -0.004525728739213192,
      "p": 0.31155546126584993
    },
    "feature_096": {
      "r": -0.007662289387957169,
      "p": 0.08665326064366076
    },
    "feature_033": {
      "r": -9.535875357228989e-05,
      "p": 0.982988529133285
    }
  },
  "iter19_int_092x038": {
    "interaction_coef": -0.08999899624520842,
    "interaction_p": 1.8925339479268792e-05
  },
  "iter20_int_051x057": {
    "interaction_coef": 0.0447067586026548,
    "interaction_p": 0.0005192529028907307,
    "stratified": {
      "0": {
        "diff": -1.4012915418098046,
        "p": 0.0
      },