{
  "feature_051": {
    "beta_adj": -0.0017594817116415862,
    "p_adj": 0.6473868651534782,
    "prevalence": 0.54962
  },
  "feature_043": {
    "beta_adj": -0.016447040676544546,
    "p_adj": 3.50480148837191e-05,
    "prevalence": 0.19946
  },
  "feature_109": {
    "beta_adj": 0.15136210158475788,
    "p_adj": 4.313813297187487e-181,
    "prevalence": 0.09992
  },
  "feature_035": {
    "beta_adj": -0.0017599239222233767,
    "p_adj": 0.6571624377678725,
    "prevalence": 0.20076
  },
  "feature_036": {
    "beta_adj": -0.0012281884671008735,
    "p_adj": 0.8941161534345244,
    "prevalence": 0.03056
  },
  "feature_027": {
    "beta_adj": 0.02527621408541819,
    "p_adj": 6.141587452807465e-15,
    "prevalence": 0.59924
  },
  "feature_011": {
    "beta_adj": -0.005702186360626822,
    "p_adj": 0.07841324976136754,
    "prevalence": 0.40152
  },
  "feature_063": {
    "beta_adj": 0.0018316007918650987,
    "p_adj": 0.5972382605208383,
    "prevalence": 0.29982
  },
  "feature_066": {
    "beta_adj": -0.0039692839912852905,
    "p_adj": 0.25045568311194133,
    "prevalence": 0.30374
  },
  "feature_039": {
    "beta_adj": 0.14938667298714822,
    "p_adj": 1.3289352210680089e-179,
    "prevalence": 0.10196
  },
  "feature_024": {
    "beta_adj": -0.006228604146269228,
    "p_adj": 0.16132317044392475,
    "prevalence": 0.15008
  },
  "feature_073": {
    "beta_adj": 0.011294224202501944,
    "p_adj": 0.12971474451383025,
    "prevalence": 0.04768
  },
  "feature_097": {
    "beta_adj": -0.004116678549624559,
    "p_adj": 0.2828734751868695,
    "prevalence": 0.22012
  },
  "feature_077": {
    "beta_adj": 0.0029479368842834763,
    "p_adj": 0.35574105161187974,
    "prevalence": 0.54938
  },
  "feature_106": {
    "beta_adj": -0.005058163277720944,
    "p_adj": 0.15271987552216099,
    "prevalence": 0.28004
  },
  "feature_086": {
    "beta_adj": 0.0027009371409216637,
    "p_adj": 0.5810300645016581,
    "prevalence": 0.11964
  },
  "feature_015": {
    "beta_adj": 0.003882023167748088,
    "p_adj": 0.4629408284076122,
    "prevalence": 0.10024
  },
  "feature_085": {
    "beta_adj": -0.004464428740093776,
    "p_adj": 0.28024776923552225,
    "prevalence": 0.17992
  },
  "feature_034": {
    "beta_adj": 0.00903737693551437,
    "p_adj": 0.12595489985460157,
    "prevalence": 0.07848
  },
  "feature_021": {
    "beta_adj": 0.01288924308233552,
    "p_adj": 0.0527632828940357,
    "prevalence": 0.06064
  },
  "feature_116": {
    "beta_adj": -0.0011302983008334017,
    "p_adj": 0.8758062573229878,
    "prevalence": 0.05082
  },
  "feature_004": {
    "beta_adj": 0.010939087978093901,
    "p_adj": 0.35463767469977386,
    "prevalence": 0.0184
  },
  "feature_119": {
    "beta_adj": -0.013640924086422587,
    "p_adj": 0.15050325322411456,
    "prevalence": 0.02886
  },
  "feature_072": {
    "beta_adj": -0.015689029015237922,
    "p_adj": 0.3314756565749003,
    "prevalence": 0.00976
  },
  "feature_098": {
    "beta_adj": -0.0022358403718432352,
    "p_adj": 0.6481508301206659,
    "prevalence": 0.11932
  },
  "feature_115": {
    "beta_adj": 0.0031238191858613228,
    "p_adj": 0.44949226157536937,
    "prevalence": 0.18042
  },
  "feature_079": {
    "beta_adj": -0.00453819611193056,
    "p_adj": 0.5716503607567962,
    "prevalence": 0.04086
  },
  "feature_091": {
    "beta_adj": -0.00047227455888976255,
    "p_adj": 0.9159447345077143,
    "prevalence": 0.14784
  },
  "feature_081": {
    "beta_adj": 0.0005184570376653725,
    "p_adj": 0.8958988255992683,
    "prevalence": 0.20112
  },
  "feature_111": {
    "beta_adj": -0.005242594620518662,
    "p_adj": 0.3223306948067536,
    "prevalence": 0.09988
  },
  "feature_032": {
    "beta_adj": 0.0007951715128685496,
    "p_adj": 0.8578058761083084,
    "prevalence": 0.15082
  },
  "feature_068": {
    "beta_adj": -0.0016325040376690692,
    "p_adj": 0.8399590000436753,
    "prevalence": 0.04022
  },
  "feature_040": {
    "beta_adj": 0.001881116579904891,
    "p_adj": 0.7008860349668266,
    "prevalence": 0.11946
  },
  "feature_041": {
    "beta_adj": -0.007419492224437099,
    "p_adj": 0.423878417493856,
    "prevalence": 0.03022
  },
  "feature_001": {
    "beta_adj": 0.00011021144401316546,
    "p_adj": 0.9906786912183281,
    "prevalence": 0.0292
  },
  "feature_113": {
    "beta_adj": 0.001808155744848966,
    "p_adj": 0.872146675546086,
    "prevalence": 0.0204
  },
  "feature_080": {
    "beta_adj": 0.008743774776877065,
    "p_adj": 0.5797833927045805,
    "prevalence": 0.01022
  },
  "feature_058": {
    "beta_adj": 0.023395561511423957,
    "p_adj": 0.04377871391525359,
    "prevalence": 0.0191
  },
  "feature_050": {
    "beta_adj": -0.010725177912215049,
    "p_adj": 0.6359476906255588,
    "prevalence": 0.00494
  },
  "feature_100": {
    "beta_adj": -0.023422434748550717,
    "p_adj": 0.2879243032688085,
    "prevalence": 0.00522
  },
  "feature_052": {
    "beta_adj": 0.01175064524335154,
    "p_adj": 0.29958800994247875,
    "prevalence": 0.02006
  },
  "feature_008": {
    "beta_adj": 0.005176771228085035,
    "p_adj": 0.24512144811183711,
    "prevalence": 0.14952
  },
  "feature_108": {
    "beta_adj": -0.0003359682118530263,
    "p_adj": 0.9162278168663472,
    "prevalence": 0.44844
  },
  "feature_107": {
    "beta_adj": -0.0037318746079481276,
    "p_adj": 0.3757603827606498,
    "prevalence": 0.17156
  },
  "feature_114": {
    "beta_adj": 0.0029227665094826655,
    "p_adj": 0.6169439861969478,
    "prevalence": 0.08034
  },
  "feature_121": {
    "beta_adj": 0.020936627920670036,
    "p_adj": 0.003820692571443725,
    "prevalence": 0.05072
  },
  "feature_074": {
    "beta_adj": 0.0009968139625753207,
    "p_adj": 0.7549298971041917,
    "prevalence": 0.44906
  },
  "feature_061": {
    "beta_adj": -0.0020113399278886357,
    "p_adj": 0.5612638806147068,
    "prevalence": 0.3012
  },
  "feature_060": {
    "beta_adj": -0.000653778127240841,
    "p_adj": 0.844486789102246,
    "prevalence": 0.34888
  },
  "feature_053": {
    "beta_adj": 0.003087593965439846,
    "p_adj": 0.4893740713160509,
    "prevalence": 0.14854
  },
  "feature_025": {
    "beta_adj": -0.001712184808957678,
    "p_adj": 0.7250222776116787,
    "prevalence": 0.12114
  },
  "feature_042": {
    "beta_adj": -0.006379476610459737,
    "p_adj": 0.10891726531514921,
    "prevalence": 0.19884
  },
  "feature_087": {
    "beta_adj": -0.005281774227447236,
    "p_adj": 0.09800426956219348,
    "prevalence": 0.45096
  },
  "feature_023": {
    "beta_adj": 0.003897022977410898,
    "p_adj": 0.42713845714600684,
    "prevalence": 0.1189
  },
  "feature_048": {
    "beta_adj": 0.00048771355997491526,
    "p_adj": 0.9271759966335166,
    "prevalence": 0.09824
  },
  "feature_037": {
    "beta_adj": -0.0011781886739143741,
    "p_adj": 0.7163684514689169,
    "prevalence": 0.39948
  },
  "feature_017": {
    "beta_adj": 0.00028123211663289016,
    "p_adj": 0.9315614459152084,
    "prevalence": 0.37852
  },
  "feature_022": {
    "beta_adj": -0.013250166728908637,
    "p_adj": 0.06939417086542697,
    "prevalence": 0.04986
  },
  "feature_110": {
    "beta_adj": 0.005768581036249819,
    "p_adj": 0.1312025549223922,
    "prevalence": 0.22202
  },
  "feature_105": {
    "beta_adj": 0.002280252683121601,
    "p_adj": 0.7299764101886643,
    "prevalence": 0.0616
  },
  "feature_046": {
    "beta_adj": -0.006354395292338786,
    "p_adj": 0.06723542945222499,
    "prevalence": 0.29812
  },
  "feature_030": {
    "beta_adj": -0.003208661475462792,
    "p_adj": 0.38086302192335886,
    "prevalence": 0.25134
  },
  "feature_049": {
    "beta_adj": 0.0005179969031498502,
    "p_adj": 0.9001748195496461,
    "prevalence": 0.18054
  },
  "feature_102": {
    "beta_adj": -0.001562681738111814,
    "p_adj": 0.6388211528498452,
    "prevalence": 0.35022
  },
  "feature_083": {
    "beta_adj": 0.0036229906055220895,
    "p_adj": 0.29573547304854386,
    "prevalence": 0.3003
  },