{
  "feature_051": {
    "mean_1": 3.509451714491316,
    "mean_0": 4.030517867876371,
    "diff": -0.5210661533850551,
    "p": 1.580258406613419e-181,
    "t": -28.854749313067618,
    "n_1": 27481,
    "prevalence": 0.54962
  },
  "feature_043": {
    "mean_1": 3.7059328664108953,
    "mean_0": 3.7536464375528515,
    "diff": -0.04771357114195629,
    "p": 0.03451620716978058,
    "t": -2.1141766916431486,
    "n_1": 9973,
    "prevalence": 0.19946
  },
  "feature_109": {
    "mean_1": 3.8345454503838545,
    "mean_0": 3.734092199860592,
    "diff": 0.10045325052326248,
    "p": 0.0020478281258892394,
    "t": 3.084568537538453,
    "n_1": 4996,
    "prevalence": 0.09992
  },
  "feature_035": {
    "mean_1": 3.7340850920293533,
    "mean_0": 3.7466525268718582,
    "diff": -0.012567434842504888,
    "p": 0.5796698157999965,
    "t": -0.5538788323890101,
    "n_1": 10038,
    "prevalence": 0.20076
  },
  "feature_036": {
    "mean_1": 3.7781049535272238,
    "mean_0": 3.743058468056904,
    "diff": 0.035046485470319855,
    "p": 0.5150508959684567,
    "t": 0.6511362308320907,
    "n_1": 1528,
    "prevalence": 0.03056
  },
  "feature_027": {
    "mean_1": 3.7522147012486817,
    "mean_0": 3.7320400016883344,
    "diff": 0.020174699560347342,
    "p": 0.2731538499996449,
    "t": 1.0958423259198038,
    "n_1": 29962,
    "prevalence": 0.59924
  },
  "feature_011": {
    "mean_1": 3.728366727152624,
    "mean_0": 3.7547047192329828,
    "diff": -0.026337992080358585,
    "p": 0.15342691392363586,
    "t": -1.427556018207637,
    "n_1": 20076,
    "prevalence": 0.40152
  },
  "feature_063": {
    "mean_1": 3.7401898889654306,
    "mean_0": 3.745816441691082,
    "diff": -0.005626552725651379,
    "p": 0.7757184484522537,
    "t": -0.2849057234293722,
    "n_1": 14991,
    "prevalence": 0.29982
  },
  "feature_066": {
    "mean_1": 3.732147516885388,
    "mean_0": 3.7493565648954545,
    "diff": -0.017209048010066397,
    "p": 0.3809926324612431,
    "t": -0.8760821092908367,
    "n_1": 15187,
    "prevalence": 0.30374
  },
  "feature_039": {
    "mean_1": 3.8288351765608493,
    "mean_0": 3.734512331355767,
    "diff": 0.09432284520508238,
    "p": 0.003294101809045207,
    "t": 2.9400305342961843,
    "n_1": 5098,
    "prevalence": 0.10196
  },
  "feature_024": {
    "mean_1": 3.740667185986576,
    "mean_0": 3.744740866646287,
    "diff": -0.00407368065971081,
    "p": 0.8723124127178055,
    "t": -0.16072592367434294,
    "n_1": 7504,
    "prevalence": 0.15008
  },
  "feature_073": {
    "mean_1": 3.804880485669153,
    "mean_0": 3.741087856073769,
    "diff": 0.06379262959538412,
    "p": 0.13692383790520365,
    "t": 1.487800145854603,
    "n_1": 2384,
    "prevalence": 0.04768
  },
  "feature_097": {
    "mean_1": 3.7217853216758274,
    "mean_0": 3.7504360974067725,
    "diff": -0.0286507757309451,
    "p": 0.18994525224285164,
    "t": -1.3107914276017483,
    "n_1": 11006,
    "prevalence": 0.22012
  },
  "feature_077": {
    "mean_1": 3.7331844749084477,
    "mean_0": 3.7574732631211964,
    "diff": -0.024288788212748713,
    "p": 0.18191631517390416,
    "t": -1.334897173194961,
    "n_1": 27469,
    "prevalence": 0.54938
  },
  "feature_106": {
    "mean_1": 3.7575497811463463,
    "mean_0": 3.7389094504425997,
    "diff": 0.0186403307037466,
    "p": 0.35468542673681713,
    "t": 0.9255561404222487,
    "n_1": 14002,
    "prevalence": 0.28004
  },
  "feature_086": {
    "mean_1": 3.7734936513109467,
    "mean_0": 3.7401389297674084,
    "diff": 0.03335472154353836,
    "p": 0.23075207379461188,
    "t": 1.1985184713180894,
    "n_1": 5982,
    "prevalence": 0.11964
  },
  "feature_015": {
    "mean_1": 3.741281690428439,
    "mean_0": 3.744446754694952,
    "diff": -0.0031650642665126405,
    "p": 0.9164393175634732,
    "t": -0.1049242550389276,
    "n_1": 5012,
    "prevalence": 0.10024
  },
  "feature_085": {
    "mean_1": 3.7442404379207423,
    "mean_0": 3.7441051471346416,
    "diff": 0.00013529078610075018,
    "p": 0.9953705778234199,
    "t": 0.0058022611351903714,
    "n_1": 8996,
    "prevalence": 0.17992
  },
  "feature_034": {
    "mean_1": 3.710271007681498,
    "mean_0": 3.7470130002279203,
    "diff": -0.036741992546422075,
    "p": 0.2790784388870249,
    "t": -1.0825195369359335,
    "n_1": 3924,
    "prevalence": 0.07848
  },
  "feature_021": {
    "mean_1": 3.714814548686461,
    "mean_0": 3.746021902593819,
    "diff": -0.03120735390735785,
    "p": 0.41302848885139387,
    "t": -0.8186754453881709,
    "n_1": 3032,
    "prevalence": 0.06064
  },
  "feature_116": {
    "mean_1": 3.796353555475024,
    "mean_0": 3.7413333624429885,
    "diff": 0.055020193032035536,
    "p": 0.18051216543794643,
    "t": 1.339511318022625,
    "n_1": 2541,
    "prevalence": 0.05082
  },
  "feature_004": {
    "mean_1": 3.7476019371290596,
    "mean_0": 3.7440643979316444,
    "diff": 0.0035375391974152848,
    "p": 0.9583317015810846,
    "t": 0.05226096718564293,
    "n_1": 920,
    "prevalence": 0.0184
  },
  "feature_119": {
    "mean_1": 3.68479124483118,
    "mean_0": 3.745892881898644,
    "diff": -0.061101637067463965,
    "p": 0.25563573907128373,
    "t": -1.1371927938599564,
    "n_1": 1443,
    "prevalence": 0.02886
  },
  "feature_072": {
    "mean_1": 3.7116652545002697,
    "mean_0": 3.7444494625231806,
    "diff": -0.03278420802291082,
    "p": 0.7217503596701003,
    "t": -0.3563225188616783,
    "n_1": 488,
    "prevalence": 0.00976
  },
  "feature_098": {
    "mean_1": 3.7063367116295782,
    "mean_0": 3.7492498889735604,
    "diff": -0.042913177343982145,
    "p": 0.12290653327353733,
    "t": -1.5428573225293327,
    "n_1": 5966,
    "prevalence": 0.11932
  },
  "feature_115": {
    "mean_1": 3.7076835643914245,
    "mean_0": 3.7521525903089095,
    "diff": -0.04446902591748492,
    "p": 0.060562224177405984,
    "t": -1.8768388431356349,
    "n_1": 9021,
    "prevalence": 0.18042
  },
  "feature_079": {
    "mean_1": 3.7175680033209013,
    "mean_0": 3.7452610255407808,
    "diff": -0.02769302221987946,
    "p": 0.5434217372526351,
    "t": -0.6077404892648964,
    "n_1": 2043,
    "prevalence": 0.04086
  },
  "feature_091": {
    "mean_1": 3.742696213808507,
    "mean_0": 3.744378145422722,
    "diff": -0.0016819316142151486,
    "p": 0.9478790851152062,
    "t": -0.06537203942913339,
    "n_1": 7392,
    "prevalence": 0.14784
  },
  "feature_081": {
    "mean_1": 3.7529745066583438,
    "mean_0": 3.7419027336693254,
    "diff": 0.011071772989018402,
    "p": 0.6235063050305542,
    "t": 0.4908968956498574,
    "n_1": 10056,
    "prevalence": 0.20112
  },
  "feature_111": {
    "mean_1": 3.7815341990329703,
    "mean_0": 3.7399789504215706,
    "diff": 0.0415552486113997,
    "p": 0.16565774415026444,
    "t": 1.3864559918607688,
    "n_1": 4994,
    "prevalence": 0.09988
  },
  "feature_032": {
    "mean_1": 3.7074337527043886,
    "mean_0": 3.7506468947337446,
    "diff": -0.043213142029356,
    "p": 0.0871256037359036,
    "t": -1.7109203275503466,
    "n_1": 7541,
    "prevalence": 0.15082
  },
  "feature_068": {
    "mean_1": 3.7095813574791,
    "mean_0": 3.7455772431755894,
    "diff": -0.03599588569648926,
    "p": 0.4261348467799313,
    "t": -0.7959715915271408,
    "n_1": 2011,
    "prevalence": 0.04022
  },
  "feature_040": {
    "mean_1": 3.742300447265959,
    "mean_0": 3.744377628753362,
    "diff": -0.0020771814874027683,
    "p": 0.9405239586697174,
    "t": -0.07461376761417039,
    "n_1": 5973,
    "prevalence": 0.11946
  },
  "feature_041": {
    "mean_1": 3.7633009288507826,
    "mean_0": 3.7435320738549014,
    "diff": 0.019768854995881213,
    "p": 0.70440545539208,
    "t": 0.3794477807170819,
    "n_1": 1511,
    "prevalence": 0.03022
  },
  "feature_001": {
    "mean_1": 3.7439263244013277,
    "mean_0": 3.7441355994853303,
    "diff": -0.00020927508400259143,
    "p": 0.9967641487606065,
    "t": -0.004056200717654293,
    "n_1": 1460,
    "prevalence": 0.0292
  },