{
  "feature_006": {
    "beta": -0.07489668116519445,
    "p": 9.910662632378488e-226,
    "mean": 3.8409,
    "std": 3.858212086706759
  },
  "feature_099": {
    "beta": -0.0006424198652086692,
    "p": 0.5073062445138984,
    "mean": 6.0990152,
    "std": 9.346170995461964
  },
  "feature_055": {
    "beta": 0.002428415690884669,
    "p": 0.5772901738941257,
    "mean": 3.4944119999999996,
    "std": 2.078344008226822
  },
  "feature_014": {
    "beta": -0.0004973617972774255,
    "p": 0.006626176569737813,
    "mean": 104.324623,
    "std": 49.43196164056716
  },
  "feature_070": {
    "beta": 0.0005012698072162395,
    "p": 0.5168676597355053,
    "mean": 27.997725,
    "std": 11.709526210332184
  },
  "feature_044": {
    "beta": -0.0003826606922374838,
    "p": 0.6066570547477467,
    "mean": 25.7630584,
    "std": 12.18379231758709
  },
  "feature_084": {
    "beta": -0.06159187778849169,
    "p": 0.031517683942428515,
    "mean": 0.6705592000000001,
    "std": 0.3161666815506821
  },
  "feature_028": {
    "beta": -0.04442172161632069,
    "p": 0.14397917316144213,
    "mean": 1.002854,
    "std": 0.29785488586669295
  },
  "feature_065": {
    "beta": -0.0016157996522263968,
    "p": 0.3737530529850947,
    "mean": 14.9862,
    "std": 4.984883804195523
  },
  "feature_117": {
    "beta": -0.000921531851200682,
    "p": 0.7597122696463136,
    "mean": 139.96988,
    "std": 3.005560422528396
  },
  "feature_056": {
    "beta": 0.026909213222795134,
    "p": 0.13533228543721984,
    "mean": 4.201886,
    "std": 0.5025575532074766
  },
  "feature_103": {
    "beta": -0.027981556347025188,
    "p": 0.12142473467848444,
    "mean": 9.39654,
    "std": 0.5012327334532948
  },
  "feature_094": {
    "beta": 0.0007092881157769941,
    "p": 0.031755851926578475,
    "mean": 107.77664859999999,
    "std": 27.4163562504925
  },
  "feature_120": {
    "beta": 2.870848937614657e-05,
    "p": 0.8253061929669745,
    "mean": 249.83634,
    "std": 69.62372659281097
  },
  "feature_019": {
    "beta": -0.003452385158713932,
    "p": 0.3385463365212543,
    "mean": 7.500423999999999,
    "std": 2.5102950129108406
  },
  "feature_059": {
    "beta": -0.00397572759893949,
    "p": 0.43281566729445337,
    "mean": 4.491785999999999,
    "std": 1.7865913266260327
  },
  "feature_003": {
    "beta": -0.01008160288413943,
    "p": 0.5030708077831163,
    "mean": 1.8044660000000001,
    "std": 0.6015100091684449
  },
  "feature_010": {
    "beta": 0.00036906044513594996,
    "p": 0.17917774473752737,
    "mean": 26.225568799999998,
    "std": 32.95975338778089
  },
  "feature_101": {
    "beta": -0.0008689418279344515,
    "p": 0.36976773730450707,
    "mean": 5.7898124,
    "std": 9.346972041818315
  },
  "feature_020": {
    "beta": 0.005674539605345006,
    "p": 0.4771315321950208,
    "mean": 1.9173296000000002,
    "std": 1.1345052185889934
  },
  "feature_090": {
    "beta": -0.035315241631025125,
    "p": 0.517618124730808,
    "mean": 1.0559262,
    "std": 0.16590931460160224
  },
  "feature_118": {
    "beta": -0.002783201982443465,
    "p": 0.1269956391430286,
    "mean": 26.018552000000003,
    "std": 4.965194385560522
  },
  "feature_054": {
    "beta": 0.0010525237449548375,
    "p": 0.07933667034527661,
    "mean": 129.94128,
    "std": 15.095304876887598
  },
  "feature_062": {
    "beta": 0.000780912860001412,
    "p": 0.3869501125431093,
    "mean": 80.01932,
    "std": 10.03247924246021
  },
  "feature_031": {
    "beta": 0.0001263264840607747,
    "p": 0.8675922160557669,
    "mean": 77.99616,
    "std": 11.950948153081209
  },
  "feature_082": {
    "beta": 0.004519090074821739,
    "p": 0.3224650014371789,
    "mean": 95.97644,
    "std": 1.9826052408058485
  },
  "feature_075": {
    "beta": -0.0006936521484295764,
    "p": 0.8971505495204835,
    "mean": 1.9773555999999999,
    "std": 1.6874987194623894
  },
  "feature_122": {
    "beta": 0.00024710788761640994,
    "p": 0.5130601824457391,
    "mean": 27.313617200000003,
    "std": 23.96948298045144
  },
  "feature_005": {
    "beta": -0.0025225864169382923,
    "p": 0.4023725692098256,
    "mean": 13.00802,
    "std": 3.0060499673704904
  },
  "feature_009": {
    "beta": 0.4948579631914191,
    "p": 1.4660931216464528e-166,
    "mean": 3.80197,
    "std": 0.5014524386130391
  }
}