{
  "it1_ecog": {
    "means": {
      "0": 5.639645623860161,
      "1": 4.444136464573715,
      "2": 3.2885045502064334
    },
    "p_anova": 0.0,
    "linear_beta": -1.179973507814382,
    "linear_p": 0.0
  },
  "it1_stage_iv": {
    "diff_pfs_mo": -1.5363170319001882,
    "p": 0.0,
    "n_pos": 14969,
    "n_neg": 35031
  },
  "it1_brain_mets": {
    "diff_pfs_mo": -1.0501723374934535,
    "p": 1.4549955380425552e-178,
    "n_pos": 5090,
    "n_neg": 44910
  },
  "it2_liver_mets": {
    "diff_pfs_mo": 0.01825801916895209,
    "p": 0.5547229773973323,
    "n_pos": 7546,
    "n_neg": 42454
  },
  "it2_bone_mets": {
    "diff_pfs_mo": 0.0382843180029484,
    "p": 0.17043847847408303,
    "n_pos": 10067,
    "n_neg": 39933
  },
  "it2_adrenal_mets": {
    "diff_pfs_mo": -0.0063371868153359046,
    "p": 0.8632559462661172,
    "n_pos": 5056,
    "n_neg": 44944
  },
  "it2_pleural_effusion": {
    "diff_pfs_mo": -0.033770199589452154,
    "p": 0.27844207744148813,
    "n_pos": 7532,
    "n_neg": 42468
  },
  "it2_pericardial_effusion": {
    "diff_pfs_mo": 0.0207012719069386,
    "p": 0.7168492385811199,
    "n_pos": 1961,
    "n_neg": 48039
  },
  "it2_contralateral_lung_mets": {
    "diff_pfs_mo": 0.048534506171057146,
    "p": 0.16060270611590102,
    "n_pos": 5967,
    "n_neg": 44033
  },
  "it2_node_positive": {
    "diff_pfs_mo": -0.023518979779018068,
    "p": 0.29208775224471895,
    "n_pos": 25053,
    "n_neg": 24947
  },
  "it2_tumor_size": {
    "beta_per_cm": 0.0005518081460824601,
    "p": 0.930796914868593
  },
  "it2_ki67": {
    "beta_per_pct": -0.018764407997773146,
    "p": 2.9791625630605905e-93
  },
  "it3_albumin_g_dl": {
    "beta": 0.4987673120452749,
    "p": 9.3935351927709e-112
  },
  "it3_ldh_u_l": {
    "beta": -0.0005067329112819574,
    "p": 0.00024489125272491463
  },
  "it3_crp_mg_l": {
    "beta": -0.000881114136397951,
    "p": 0.46064850346425473
  },
  "it3_hemoglobin_g_dl": {
    "beta": -0.0063934519665865466,
    "p": 0.30417515833847836
  },
  "it3_nlr": {
    "beta": 0.003313680246554656,
    "p": 0.5372317681288643
  },
  "it3_weight_loss_pct_6mo": {
    "beta": -0.07473333306454481,
    "p": 4.074663266807288e-148
  },
  "it3_alkaline_phosphatase_u_l": {
    "beta": -0.0006712205495898858,
    "p": 0.0029518849653218508
  },
  "it3_calcium_mg_dl": {
    "beta": -0.063927483353674,
    "p": 0.004094220397478842
  },
  "it3_platelets_k_ul": {
    "beta": 9.394324497172696e-05,
    "p": 0.5578887413733293
  },
  "it4_treatment_tamoxifen": {
    "diff_pfs_mo": 0.043116200528809046,
    "p": 0.07690046611130903,
    "n_pos": 15035,
    "n_neg": 34965
  },
  "it4_treatment_palbociclib": {
    "diff_pfs_mo": 1.0981499237271555,
    "p": 0.0,
    "n_pos": 17428,
    "n_neg": 32572
  },
  "it4_treatment_trastuzumab": {
    "diff_pfs_mo": -0.06049369413094663,
    "p": 0.029150941723449633,
    "n_pos": 10039,
    "n_neg": 39961
  },
  "it4_treatment_olaparib": {
    "diff_pfs_mo": -0.03627090151944312,
    "p": 0.3297750438787722,
    "n_pos": 4946,
    "n_neg": 45054
  },
  "it4_treatment_sacituzumab_govitecan": {
    "diff_pfs_mo": -0.007302930285099762,
    "p": 0.8461423978581862,
    "n_pos": 4987,
    "n_neg": 45013
  },
  "it4_treatment_pembrolizumab": {
    "diff_pfs_mo": -0.0741087291535667,
    "p": 0.017533944373829276,
    "n_pos": 7585,
    "n_neg": 42415
  },
  "it5_trastuzumab_her2": {
    "main_trastuzumab": -0.051216497794518964,
    "main_her2": -0.4526468508512123,
    "interaction": -0.028021160097145753,
    "p_interaction": 0.694589287154365
  },
  "it5_trastuzumab_her20": {
    "mean_on": 4.735021276092657,
    "mean_off": 4.786237773887166,
    "diff": -0.051216497794508875,
    "p": 0.10429069331141248,
    "n_on": 8149,
    "n_off": 32791
  },
  "it5_trastuzumab_her21": {
    "mean_on": 4.2543532651442835,
    "mean_off": 4.333590923035933,
    "diff": -0.0792376578916496,
    "p": 0.15296833061858658,
    "n_on": 1890,
    "n_off": 7170
  },
  "it6_tamox_er": {
    "interaction": -0.05822626456116563,
    "p_interaction": 0.2700945126312921
  },
  "it6_tamox_er0": {
    "mean_on": 4.353851634137524,
    "mean_off": 4.272428342827604,
    "diff": 0.08142329130992021,
    "p": 0.0300064652843427,
    "n_on": 4500,
    "n_off": 10614
  },
  "it6_tamox_er1": {
    "mean_on": 4.880719194681856,
    "mean_off": 4.857522167933105,
    "diff": 0.023197026748751348,
    "p": 0.44984896686617,
    "n_on": 10535,
    "n_off": 24351
  },
  "it7_olap_brca": {
    "interaction": 0.4021548412542916,
    "p_interaction": 0.02084349260055042
  },
  "it7_olap_brca0": {
    "mean_on": 4.646340479778561,
    "mean_off": 4.702256774227938,
    "diff": -0.055916294449376736,
    "p": 0.14271435751829525,
    "n_on": 4707,
    "n_off": 42794
  },
  "it7_olap_brca1": {
    "mean_on": 4.933006759845755,
    "mean_off": 4.586768213040808,
    "diff": 0.3462385468049467,
    "p": 0.041422656278599444,
    "n_on": 239,
    "n_off": 2260
  },
  "it8_palbo_erpm": {
    "interaction": 0.6975082118442405,
    "p_interaction": 2.3189799732056628e-51
  },
  "it8_palbo_erpm0": {
    "mean_on": 5.103783992136816,
    "mean_off": 4.299125371334406,
    "diff": 0.8046586208024102,
    "p": 2.4184597959665773e-139,
    "n_on": 10094,
    "n_off": 18825
  },
  "it8_palbo_erpm1": {
    "mean_on": 5.827306224946566,
    "mean_off": 4.325139392299854,
    "diff": 1.5021668326467124,
    "p": 4.345777324797985e-283,
    "n_on": 7334,
    "n_off": 13747
  },
  "it8_palbo_er0": {
    "mean_on": 4.2852634259882185,
    "mean_off": 4.302714373762015,
    "diff": -0.01745094777379652,
    "p": 0.6271919116366135
  },
  "it8_palbo_er1": {
    "mean_on": 5.890273142427817,
    "mean_off": 4.3133222425765725,
    "diff": 1.5769508998512443,
    "p": 0.0
  },
  "it9_pembro_msi": {
    "interaction": 0.21708414197534803,
    "p_interaction": 0.4656263469982348
  },
  "it9_pembro_msi0": {
    "mean_on": 4.627588733635865,
    "mean_off": 4.7041529546109615,
    "diff": -0.0765642209750963,
    "p": 0.014671058808729898,
    "n_on": 7499,
    "n_off": 42003
  },
  "it9_pembro_msi1": {
    "mean_on": 4.841075407823187,
    "mean_off": 4.700555486822944,
    "diff": 0.14051992100024258,
    "p": 0.637455545983468,
    "n_on": 86,
    "n_off": 412
  },
  "it9_pembro_tnbc": {
    "interaction": 0.18531621079078678,
    "p_interaction": 0.015227465912733731
  },
  "it9_pembro_tnbc0": {
    "mean_on": 4.699478486702106,
    "mean_off": 4.8132901935483785,
    "diff": -0.11381170684627229,
    "p": 0.0016678537294084657,
    "n_on": 6007,
    "n_off": 33497
  },
  "it9_pembro_tnbc1": {
    "mean_on": 4.3655596508166,
    "mean_off": 4.2940551468720844,
    "diff": 0.07150450394451546,
    "p": 0.2222931419185281,
    "n_on": 1578,
    "n_off": 8918
  },
  "it10_sg_tnbc": {
    "interaction": -0.10462430608460196,
    "p_interaction": 0.2458259324508659
  },
  "it10_sg_tnbc0": {
    "mean_on": 4.81347815238597,
    "mean_off": 4.7940659996670645,
    "diff": 0.01941215271890595,
    "p": 0.658051357963291,
    "n_on": 3903,
    "n_off": 35601
  },
  "it10_sg_tnbc1": {
    "mean_on": 4.228393687244267,
    "mean_off": 4.313605840609972,
    "diff": -0.08521215336570442,
    "p": 0.21726552166780422,
    "n_on": 1084,
    "n_off": 9412
  },
  "it10_sg_her2low": {
    "interaction": -0.037620127594029065,
    "p_interaction": 0.6261519028591208
  },
  "it11_pik3ca": {
    "diff": -0.558930040322501,
    "p": 6.066087429244211e-144,
    "n_pos": 17365,
    "n_neg": 32635
  },
  "it11_tp53": {
    "diff": 0.0067979193401903615,
    "p": 0.7618756892720591,
    "n_pos": 22479,
    "n_neg": 27521
  },
  "it12_fatigue_grade": {
    "beta": 0.000471059063280791,
    "p": 0.9628164221138473
  },
  "it12_pain_nrs": {
    "beta": -0.0014855126426844005,
    "p": 0.7201745238638079
  },
  "it12_dyspnea_grade": {
    "beta": 0.01037005027949688,
    "p": 0.29885922731490444
  },
  "it12_appetite_loss_grade": {
    "beta": -0.001831605274459856,