{
  "enz_best4": {
    "label": "mcrpc=0 & ar_v7_neg & brca2_wt & msi_neg",
    "treatment": "treatment_enzalutamide",
    "n_on": 6325,
    "n_off": 9356,
    "rate_on": 0.7977865612648222,
    "rate_off": 0.17208208636169303,
    "diff": 0.6257044749031291,
    "p": 0.0
  },
  "enz_complement_of_best4": {
    "label": "complement of best 4 (any unfavorable)",
    "treatment": "treatment_enzalutamide",
    "n_on": 13751,
    "n_off": 20568,
    "rate_on": 0.16064286233728456,
    "rate_off": 0.1529560482302606,
    "diff": 0.007686814107023959,
    "p": 0.054486404734931604
  },
  "enz_best4_lowpsa": {
    "label": "best4 + psa<=15.86",
    "treatment": "treatment_enzalutamide",
    "n_on": 4938,
    "n_off": 7266,
    "rate_on": 0.8088294856217092,
    "rate_off": 0.17891549683457197,
    "diff": 0.6299139887871372,
    "p": 0.0
  },
  "olaparib_brca2pos": {
    "label": "brca2_mutation==1",
    "treatment": "treatment_olaparib",
    "n_on": 529,
    "n_off": 4467,
    "rate_on": 0.12098298676748583,
    "rate_off": 0.15312290127602418,
    "diff": -0.032139914508538356,
    "p": 0.050105256590335046
  },
  "olaparib_brca2pos_arv7neg": {
    "label": "brca2+ & ar_v7_neg",
    "treatment": "treatment_olaparib",
    "n_on": 423,
    "n_off": 3587,
    "rate_on": 0.10874704491725769,
    "rate_off": 0.15165876777251186,
    "diff": -0.04291172285525417,
    "p": 0.01845413066914192
  },
  "olaparib_brca2pos_msi_low": {
    "label": "brca2+ & msi_low",
    "treatment": "treatment_olaparib",
    "n_on": 516,
    "n_off": 4338,
    "rate_on": 0.12015503875968993,
    "rate_off": 0.15168280313508528,
    "diff": -0.031527764375395353,
    "p": 0.056799332637557765
  },
  "pembro_msihigh": {
    "label": "msi_high==1",
    "treatment": "treatment_pembrolizumab",
    "n_on": 79,
    "n_off": 1449,
    "rate_on": 0.17721518987341772,
    "rate_off": 0.17598343685300208,
    "diff": 0.0012317530204156435,
    "p": 0.9776680116429897
  },
  "pembro_msihigh_nonmcrpc": {
    "label": "msi_high & mcrpc=0",
    "treatment": "treatment_pembrolizumab",
    "n_on": 34,
    "n_off": 655,
    "rate_on": 0.29411764705882354,
    "rate_off": 0.19389312977099238,
    "diff": 0.10022451728783116,
    "p": 0.1534000835343028
  },
  "pembro_msihigh_arv7neg": {
    "label": "msi_high & ar_v7_neg",
    "treatment": "treatment_pembrolizumab",
    "n_on": 65,
    "n_off": 1156,
    "rate_on": 0.16923076923076924,
    "rate_off": 0.17387543252595156,
    "diff": -0.004644663295182316,
    "p": 0.9233689295877172
  },
  "lu177_psmahigh": {
    "label": "psma_high==1",
    "treatment": "treatment_lu177_psma",
    "n_on": 4486,
    "n_off": 25476,
    "rate_on": 0.23762817654926438,
    "rate_off": 0.23877374784110536,
    "diff": -0.00114557129184098,
    "p": 0.8681627135922863
  },
  "lu177_psmahigh_nonmcrpc": {
    "label": "psma_high & mcrpc=0",
    "treatment": "treatment_lu177_psma",
    "n_on": 2018,
    "n_off": 11539,
    "rate_on": 0.333994053518335,
    "rate_off": 0.34639050177658376,
    "diff": -0.01239644825824876,
    "p": 0.2796528745293969
  },
  "lu177_psmahigh_visceral0": {
    "label": "psma_high & visceral=0",
    "treatment": "treatment_lu177_psma",
    "n_on": 3567,
    "n_off": 20374,
    "rate_on": 0.2416596579758901,
    "rate_off": 0.2379994110140375,
    "diff": 0.0036602469618526035,
    "p": 0.6360883069345862
  },
  "multivar_model": {
    "const": {
      "coef": -1.6097959063096738,
      "p": 4.399425608709336e-19,
      "or": 0.1999284140393176
    },
    "treatment_enzalutamide": {
      "coef": 2.6226103796492186,
      "p": 0.0,
      "or": 13.771625877311447
    },
    "treatment_abiraterone": {
      "coef": -0.023724303219640672,
      "p": 0.35976950304245714,
      "or": 0.9765549056913213
    },
    "treatment_docetaxel": {
      "coef": 0.010987120847550432,
      "p": 0.6695014592735884,
      "or": 1.0110477009233927
    },
    "treatment_olaparib": {
      "coef": 0.014605175574138745,
      "p": 0.7091711602888556,
      "or": 1.0147123522935095
    },
    "treatment_lu177_psma": {
      "coef": 0.03433983373325464,
      "p": 0.2988701558746861,
      "or": 1.0349362532246766
    },
    "treatment_pembrolizumab": {
      "coef": 0.049683621935645995,
      "p": 0.36928391900343394,
      "or": 1.0509385498694253
    },
    "age_years": {
      "coef": 0.0003349692826370687,
      "p": 0.7789263506715364,
      "or": 1.0003350253911119
    },
    "ecog_ps": {
      "coef": -0.35895153750017306,
      "p": 4.097977902999585e-89,
      "or": 0.6984081971385742
    },
    "mcrpc": {
      "coef": -0.09284384103973041,
      "p": 0.0062620039634499625,
      "or": 0.9113358024363392
    },
    "visceral_mets": {
      "coef": 0.010417059109677083,
      "p": 0.7253270360558662,
      "or": 1.0104715055629996
    },
    "psa_ng_ml": {
      "coef": -0.0011262621615459759,
      "p": 4.993998267714848e-06,
      "or": 0.998874371833645
    },
    "gleason_score": {
      "coef": -0.0010913092857580701,
      "p": 0.9254700771053627,
      "or": 0.9989092859756628
    },
    "brca2_mutation": {
      "coef": -0.09675225452700749,
      "p": 0.07755094247252317,
      "or": 0.9077808768794838
    },
    "ar_v7_positive": {
      "coef": -0.019800380152432625,
      "p": 0.6196851923837516,
      "or": 0.9803943599473254
    },
    "msi_high": {
      "coef": 0.18639614092694892,
      "p": 0.029953855197676453,
      "or": 1.2048994758443416
    },
    "psma_high": {
      "coef": -0.032197868207243074,
      "p": 0.18239379393069688,
      "or": 0.9683149643762493
    },
    "albumin_g_dl": {
      "coef": 0.13891835971380304,
      "p": 4.415785993374371e-09,
      "or": 1.1490302890126352
    },
    "ldh_u_l": {
      "coef": -4.039152209668894e-05,
      "p": 0.7832180452509097,
      "or": 0.9999596092936298
    },
    "weight_loss_pct_6mo": {
      "coef": -0.03928268171471942,
      "p": 5.334077010550603e-35,
      "or": 0.9614788782293976
    },
    "crp_mg_l": {
      "coef": -0.008015980703966826,
      "p": 1.962433881880403e-08,
      "or": 0.9920160615953773
    },
    "nlr": {
      "coef": -0.0007717795400074293,
      "p": 0.8921638933865883,
      "or": 0.999228518205219
    },
    "hemoglobin_g_dl": {
      "coef": -0.004756076774025647,
      "p": 0.471833995604651,
      "or": 0.9952552154497937
    },
    "alkaline_phosphatase_u_l": {
      "coef": 0.00039546131547952017,
      "p": 0.09837298364798872,
      "or": 1.0003955395206143
    },
    "enz_x_arv7": {
      "coef": -1.6447357382216352,
      "p": 6.913946560708702e-140,
      "or": 0.19306357537689345
    },
    "enz_x_brca2": {
      "coef": -1.5573315196791049,
      "p": 2.9868000055535365e-67,
      "or": 0.2106975640045336
    },
    "enz_x_msi": {
      "coef": -1.6684164531109669,
      "p": 1.5567686326854715e-27,
      "or": 0.18854539984466803
    },
    "enz_x_mcrpc": {
      "coef": -2.243354379006444,
      "p": 0.0,
      "or": 0.10610200046600435
    },
    "enz_x_psa": {
      "coef": 0.0002220955020728373,
      "p": 0.5535072284916198,
      "or": 1.0002221201671049
    }
  },
  "enz_in_drop mcrpc=0 only (mcrpc=1)": {
    "label": "drop mcrpc=0 only (mcrpc=1)",
    "treatment": "treatment_enzalutamide",
    "n_on": 11037,
    "n_off": 16444,
    "rate_on": 0.15810455739784363,
    "rate_off": 0.15045001216249088,
    "diff": 0.00765454523535275,
    "p": 0.0844219067020271
  },
  "enz_in_drop ar_v7=0 only (ar_v7_positive=1)": {
    "label": "drop ar_v7=0 only (ar_v7_positive=1)",
    "treatment": "treatment_enzalutamide",
    "n_on": 4019,
    "n_off": 6019,
    "rate_on": 0.16496640955461558,
    "rate_off": 0.1565044027247051,
    "diff": 0.008462006829910496,
    "p": 0.2570393414483432
  },
  "enz_in_drop brca2=0 only (brca2_mutation=1)": {
    "label": "drop brca2=0 only (brca2_mutation=1)",
    "treatment": "treatment_enzalutamide",
    "n_on": 2033,
    "n_off": 2963,
    "rate_on": 0.15346778160354158,