{
  "ola_BRCAposNodepos_adj": {
    "coef": 0.0938597389647704,
    "p": 0.4285812246462586,
    "n_treated": 126,
    "n_total": 1281
  },
  "ola_brca_inter_richadj": {
    "coef": 0.04476852976649654,
    "p": 0.6086528344256242
  },
  "sacituz_brain_ER_adj": {
    "coef": 0.23609815578554783,
    "p": 0.007650475427077755,
    "n_treated": 324,
    "n_total": 3581
  }
}