{
  "age_pfs": {
    "r": 0.701535072951399,
    "p": 0.0
  },
  "female_pfs": {
    "mean_yes": 4.68567969110552,
    "mean_no": 4.69870228535169,
    "n_yes": 22371,
    "n_no": 27629,
    "diff": -0.013022594246169916,
    "p": 0.5615693322608619,
    "t": -0.5805161398696755
  },
  "postmenopausal_pfs": {
    "mean_yes": 4.683705706804519,
    "mean_no": 4.706906823669081,
    "n_yes": 30238,
    "n_no": 19762,
    "diff": -0.02320111686456272,
    "p": 0.31078186628499643,
    "t": -1.0135950752851814
  },
  "stage_iv_pfs": {
    "mean_yes": 3.616501277344159,
    "mean_no": 5.152818309244347,
    "n_yes": 14969,
    "n_no": 35031,
    "diff": -1.5363170319001882,
    "p": 0.0,
    "t": -66.61888127692949
  },
  "brain_mets_pfs": {
    "mean_yes": 3.749610922697449,
    "mean_no": 4.799783260190902,
    "n_yes": 5090,
    "n_no": 44910,
    "diff": -1.0501723374934535,
    "p": 1.4549955380425552e-178,
    "t": -29.42409553972706
  },
  "node_pos_pfs": {
    "mean_yes": 4.681141156463125,
    "mean_no": 4.704660136242143,
    "n_yes": 25053,
    "n_no": 24947,
    "diff": -0.023518979779018068,
    "p": 0.29208775224471895,
    "t": -1.0535638201419322
  },
  "ecog_anova": {
    "F": 2860.74974906467,
    "p": 0.0,
    "mean_0": 5.63964562386016,
    "mean_1": 4.444136464573715,
    "mean_2": 3.2885045502064334
  },
  "tumor_size_pfs": {
    "r": 0.0003883799814269331,
    "p": 0.9307969148686394
  },
  "ki67_pfs": {
    "r": -0.09141848558859533,
    "p": 2.979162563057627e-93
  },
  "weight_loss_pfs": {
    "r": -0.11552760378938601,
    "p": 4.0746632668183206e-148
  },
  "er_pfs": {
    "mean_yes": 4.864527289666697,
    "mean_no": 4.296671085377203,
    "n_yes": 34886,
    "n_no": 15114,
    "diff": 0.5678562042894937,
    "p": 3.704854712016327e-143,
    "t": 25.592886175483276
  },
  "pr_pfs": {
    "mean_yes": 4.823513177190859,
    "mean_no": 4.461556342000816,
    "n_yes": 31954,
    "n_no": 18046,
    "diff": 0.3619568351900426,
    "p": 5.822526632644856e-59,
    "t": 16.216672164034755
  },
  "her2_pfs": {
    "mean_yes": 4.317061212945953,
    "mean_no": 4.776043263859626,
    "n_yes": 9060,
    "n_no": 40940,
    "diff": -0.45898205091367306,
    "p": 6.101871955866938e-70,
    "t": -17.76957174921497
  },
  "her2low_pfs": {
    "mean_yes": 4.764850415879415,
    "mean_no": 4.650448693456192,
    "n_yes": 18543,
    "n_no": 31457,
    "diff": 0.11440172242322344,
    "p": 1.044485889142057e-06,
    "t": 4.883881486023146
  },
  "brca1_pfs": {
    "mean_yes": 4.669001805867366,
    "mean_no": 4.6935014368083,
    "n_yes": 1277,
    "n_no": 48723,
    "diff": -0.02449963094093377,
    "p": 0.7242284474252536,
    "t": -0.35288692121121523
  },
  "brca2_pfs": {
    "mean_yes": 4.568551121917133,
    "mean_no": 4.69599033049163,
    "n_yes": 1222,
    "n_no": 48778,
    "diff": -0.1274392085744971,
    "p": 0.08132287025972368,
    "t": -1.7444357344912003
  },
  "pik3ca_pfs": {
    "mean_yes": 4.328062078915572,
    "mean_no": 4.886992119238073,
    "n_yes": 17365,
    "n_no": 32635,
    "diff": -0.558930040322501,
    "p": 6.066087429244211e-144,
    "t": -25.64444394310201
  },
  "albumin_g_dl_pfs": {
    "r": 0.10021045803542346,
    "p": 9.393535192804359e-112
  },
  "ldh_u_l_pfs": {
    "r": -0.01640106311208841,
    "p": 0.0002448912527249338
  },
  "crp_mg_l_pfs": {
    "r": -0.0032995233633787975,
    "p": 0.4606485034642748
  },
  "nlr_pfs": {
    "r": 0.0027593916702576345,
    "p": 0.5372317681288502
  },
  "hemoglobin_g_dl_pfs": {
    "r": -0.0045953046499004994,
    "p": 0.3041751583384692
  },
  "alkaline_phosphatase_u_l_pfs": {
    "r": -0.013294083602434866,
    "p": 0.002951884965321785
  },
  "ast_u_l_pfs": {
    "r": -0.0026322708935424327,
    "p": 0.5561430738074316
  },
  "alt_u_l_pfs": {
    "r": -0.0035742091439628096,
    "p": 0.42417443284854284
  },
  "total_bilirubin_mg_dl_pfs": {
    "r": -0.00893018161405371,
    "p": 0.04584265324093631
  },
  "creatinine_mg_dl_pfs": {
    "r": -0.00395983902783006,
    "p": 0.3759256966231398
  },
  "bun_mg_dl_pfs": {
    "r": -0.0011338879083479013,
    "p": 0.7998518923469274
  },
  "sodium_meq_l_pfs": {
    "r": -0.0019348505555050097,
    "p": 0.6652797217254306
  },
  "potassium_meq_l_pfs": {
    "r": 0.010022256931200253,
    "p": 0.025023158365827396
  },
  "calcium_mg_dl_pfs": {
    "r": -0.012838442767292822,
    "p": 0.004094220397479213
  }
}