{
  "iter1_treatment_main_effects": {
    "treatment_tamoxifen": {
      "mean_on": 4.723026875263865,
      "mean_off": 4.679910674735056,
      "diff": 0.043116200528809046,
      "n_on": 15035,
      "n_off": 34965,
      "p_value": 0.07690046611130903,
      "t_stat": 1.769024823665323
    },
    "treatment_palbociclib": {
      "mean_on": 5.408254502546887,
      "mean_off": 4.310104578819732,
      "diff": 1.0981499237271555,
      "n_on": 17428,
      "n_off": 32572,
      "p_value": 0.0,
      "t_stat": 43.54116323032869
    },
    "treatment_trastuzumab": {
      "mean_on": 4.644527946010733,
      "mean_off": 4.70502164014168,
      "diff": -0.06049369413094663,
      "n_on": 10039,
      "n_off": 39961,
      "p_value": 0.029150941723449633,
      "t_stat": -2.181641085974782
    },
    "treatment_olaparib": {
      "mean_on": 4.660192732292929,
      "mean_off": 4.696463633812372,
      "diff": -0.03627090151944312,
      "n_on": 4946,
      "n_off": 45054,
      "p_value": 0.3297750438787722,
      "t_stat": -0.9746450267081367
    },
    "treatment_sacituzumab_govitecan": {
      "mean_on": 4.686301180215605,
      "mean_off": 4.693604110500705,
      "diff": -0.007302930285099762,
      "n_on": 4987,
      "n_off": 45013,
      "p_value": 0.8461423978581862,
      "t_stat": -0.19405099802916212
    },
    "treatment_pembrolizumab": {
      "mean_on": 4.6300092812930975,
      "mean_off": 4.704118010446664,
      "diff": -0.0741087291535667,
      "n_on": 7585,
      "n_off": 42415,
      "p_value": 0.017533944373829276,
      "t_stat": -2.3756930174214155
    }
  },
  "iter2_continuous_main_effects": {
    "age_years": {
      "pearson_r": 0.701535072951399,
      "p_value": 0.0
    },
    "ki67_pct": {
      "pearson_r": -0.09141848558859533,
      "p_value": 2.979162563057627e-93
    },
    "tumor_size_cm": {
      "pearson_r": 0.0003883799814269331,
      "p_value": 0.9307969148686394
    },
    "albumin_g_dl": {
      "pearson_r": 0.10021045803542346,
      "p_value": 9.393535192804359e-112
    },
    "ldh_u_l": {
      "pearson_r": -0.01640106311208841,
      "p_value": 0.0002448912527249338
    },
    "weight_loss_pct_6mo": {
      "pearson_r": -0.11552760378938601,
      "p_value": 4.0746632668183206e-148
    },
    "crp_mg_l": {
      "pearson_r": -0.0032995233633787975,
      "p_value": 0.4606485034642748
    },
    "nlr": {
      "pearson_r": 0.0027593916702576345,
      "p_value": 0.5372317681288502
    },
    "hemoglobin_g_dl": {
      "pearson_r": -0.0045953046499004994,
      "p_value": 0.3041751583384692
    },
    "alkaline_phosphatase_u_l": {
      "pearson_r": -0.013294083602434866,
      "p_value": 0.002951884965321785
    },
    "ast_u_l": {
      "pearson_r": -0.0026322708935424327,
      "p_value": 0.5561430738074316
    },
    "alt_u_l": {
      "pearson_r": -0.0035742091439628096,
      "p_value": 0.42417443284854284
    },
    "total_bilirubin_mg_dl": {
      "pearson_r": -0.00893018161405371,
      "p_value": 0.04584265324093631
    },
    "creatinine_mg_dl": {
      "pearson_r": -0.00395983902783006,
      "p_value": 0.3759256966231398
    },
    "bun_mg_dl": {
      "pearson_r": -0.0011338879083479013,
      "p_value": 0.7998518923469274
    },
    "sodium_meq_l": {
      "pearson_r": -0.0019348505555050097,
      "p_value": 0.6652797217254306
    },
    "potassium_meq_l": {
      "pearson_r": 0.010022256931200253,
      "p_value": 0.025023158365827396
    },
    "calcium_mg_dl": {
      "pearson_r": -0.012838442767292822,
      "p_value": 0.004094220397479213
    }
  },
  "iter3_binary_main_effects": {
    "sex_female": {
      "mean_yes": 4.68567969110552,
      "mean_no": 4.69870228535169,
      "diff": -0.013022594246169916,
      "p_value": 0.5615693322608619,
      "t_stat": -0.5805161398696755,
      "n_yes": 22371,
      "n_no": 27629
    },
    "stage_iv": {
      "mean_yes": 3.616501277344159,
      "mean_no": 5.152818309244347,
      "diff": -1.5363170319001882,
      "p_value": 0.0,
      "t_stat": -66.61888127692949,
      "n_yes": 14969,
      "n_no": 35031
    },
    "has_brain_mets": {
      "mean_yes": 3.749610922697449,
      "mean_no": 4.799783260190902,
      "diff": -1.0501723374934535,
      "p_value": 1.4549955380425552e-178,
      "t_stat": -29.42409553972706,
      "n_yes": 5090,
      "n_no": 44910
    },
    "node_positive": {
      "mean_yes": 4.681141156463125,
      "mean_no": 4.704660136242143,
      "diff": -0.023518979779018068,
      "p_value": 0.29208775224471895,
      "t_stat": -1.0535638201419322,
      "n_yes": 25053,
      "n_no": 24947
    },
    "postmenopausal": {
      "mean_yes": 4.683705706804519,
      "mean_no": 4.706906823669081,
      "diff": -0.02320111686456272,
      "p_value": 0.31078186628499643,
      "t_stat": -1.0135950752851814,
      "n_yes": 30238,
      "n_no": 19762
    },
    "er_positive": {
      "mean_yes": 4.864527289666697,
      "mean_no": 4.296671085377203,
      "diff": 0.5678562042894937,
      "p_value": 3.704854712016327e-143,
      "t_stat": 25.592886175483276,
      "n_yes": 34886,
      "n_no": 15114
    },
    "pr_positive": {
      "mean_yes": 4.823513177190859,
      "mean_no": 4.461556342000816,
      "diff": 0.3619568351900426,
      "p_value": 5.822526632644856e-59,
      "t_stat": 16.216672164034755,
      "n_yes": 31954,
      "n_no": 18046
    },
    "her2_positive": {
      "mean_yes": 4.317061212945953,
      "mean_no": 4.776043263859626,
      "diff": -0.45898205091367306,
      "p_value": 6.101871955866938e-70,
      "t_stat": -17.76957174921497,
      "n_yes": 9060,
      "n_no": 40940
    },
    "her2_low": {
      "mean_yes": 4.764850415879415,
      "mean_no": 4.650448693456192,
      "diff": 0.11440172242322344,
      "p_value": 1.044485889142057e-06,
      "t_stat": 4.883881486023146,
      "n_yes": 18543,
      "n_no": 31457
    },
    "brca1_mutation": {
      "mean_yes": 4.669001805867366,
      "mean_no": 4.6935014368083,
      "diff": -0.02449963094093377,
      "p_value": 0.7242284474252536,
      "t_stat": -0.35288692121121523,
      "n_yes": 1277,
      "n_no": 48723
    },
    "brca2_mutation": {
      "mean_yes": 4.568551121917133,
      "mean_no": 4.69599033049163,
      "diff": -0.1274392085744971,
      "p_value": 0.08132287025972368,
      "t_stat": -1.7444357344912003,
      "n_yes": 1222,
      "n_no": 48778
    },
    "pik3ca_mutation": {
      "mean_yes": 4.328062078915572,
      "mean_no": 4.886992119238073,
      "diff": -0.558930040322501,
      "p_value": 6.066087429244211e-144,
      "t_stat": -25.64444394310201,
      "n_yes": 17365,
      "n_no": 32635
    },
    "ecog_ps_anova": {
      "mean_0": 5.63964562386016,
      "mean_1": 4.444136464573715,
      "mean_2": 3.2885045502064334,
      "p_value": 0.0,
      "f_stat": 2860.74974906467
    }
  },
  "iter4_multivariable_ols": {
    "r_squared": 0.7923328959325413,
    "adj_r_squared": 0.7921791053947227,
    "n": 50000,
    "coefficients": {
      "const": {
        "coef": -6.606158347423163,
        "se": 0.26923390130766184,
        "p_value": 3.6320830800738844e-132
      },
      "age_years": {
        "coef": 0.17567520128546923,
        "se": 0.0005114757073766273,
        "p_value": 0.0
      },
      "ki67_pct": {
        "coef": -0.018889952679652496,
        "se": 0.0004185663858575245,
        "p_value": 0.0
      },
      "tumor_size_cm": {
        "coef": 0.0013184139211883726,
        "se": 0.002898098696100242,
        "p_value": 0.6491660739116126
      },
      "albumin_g_dl": {
        "coef": 0.47554894225044136,
        "se": 0.010151374502876231,
        "p_value": 0.0
      },
      "ldh_u_l": {
        "coef": -0.0005174455171840518,
        "se": 6.300446321229551e-05,
        "p_value": 2.2113673028046434e-16
      },
      "weight_loss_pct_6mo": {
        "coef": -0.07678375258899295,
        "se": 0.00131924410391089,
        "p_value": 0.0
      },