{
  "ola_BRCA0_HER20": {
    "diff": -0.03108903433124155,
    "p": 0.47049694553533894,
    "n_yes": 3864
  },
  "ola_BRCA0_HER21": {
    "diff": -0.17428901161091392,
    "p": 0.024835537213608292,
    "n_yes": 843
  },
  "ola_BRCA1_HER20": {
    "diff": 0.320535690835543,
    "p": 0.08955277754867298,
    "n_yes": 193
  },
  "ola_BRCA1_HER21": {
    "diff": 0.45705242051172057,
    "p": 0.24565558098995777,
    "n_yes": 46
  },
  "ola_HER2neg_BRCA0": {
    "diff": -0.03108903433124155,
    "p": 0.47049694553533894,
    "n_yes": 3864
  },
  "ola_HER2neg_BRCA1": {
    "diff": 0.320535690835543,
    "p": 0.08955277754867298,
    "n_yes": 193
  },
  "ola_brca_inter_adj": {
    "coef": 0.07548431535430969,
    "p": 0.4232876489210706
  },
  "pembro_TNBC0_stage0": {
    "diff": -0.1293309597713046,
    "p": 0.0022127726807429676,
    "n_yes": 4165
  },
  "pembro_TNBC0_stage1": {
    "diff": -0.03558617227428096,
    "p": 0.5657469947666953,
    "n_yes": 1842
  },
  "pembro_TNBC1_stage0": {
    "diff": 0.0699110512592096,
    "p": 0.2816314854652991,
    "n_yes": 1140
  },
  "pembro_TNBC1_stage1": {
    "diff": -0.06103623473115016,
    "p": 0.5611508644429799,
    "n_yes": 438
  },
  "pembro_TNBC0_Ki67hi0": {
    "diff": -0.11519583525681387,
    "p": 0.008076545604774513,
    "n_yes": 4543
  },
  "pembro_TNBC0_Ki67hi1": {
    "diff": -0.08976265270491446,
    "p": 0.13489939516755933,
    "n_yes": 1464
  },
  "pembro_TNBC1_Ki67hi0": {
    "diff": 0.11428796182227963,
    "p": 0.09335681738243717,
    "n_yes": 1165
  },
  "pembro_TNBC1_Ki67hi1": {
    "diff": -0.04741881906120948,
    "p": 0.6798454446481218,
    "n_yes": 413
  },
  "tras_HER20_ER0": {
    "diff": -0.08994777078026761,
    "p": 0.05672816777319955,
    "n_yes": 2478
  },
  "tras_HER20_ER1": {
    "diff": -0.031383945361868726,
    "p": 0.4314584620378535,
    "n_yes": 5671
  },
  "tras_HER21_ER0": {
    "diff": -0.06252449351144929,
    "p": 0.5506869045390416,
    "n_yes": 563
  },
  "tras_HER21_ER1": {
    "diff": -0.08674042127335824,
    "p": 0.18413488936967848,
    "n_yes": 1327
  }
}