{
  "palbo_ER0H0P0": {
    "diff": -0.04224996040752327,
    "p": 0.3871763054801712,
    "n_yes": 2755,
    "mean_yes": 4.268268007222926,
    "mean_no": 4.3105179676304495
  },
  "palbo_ER0H0P1": {
    "diff": 0.07854941073162891,
    "p": 0.24945311732782757,
    "n_yes": 1487,
    "mean_yes": 4.34778820811123,
    "mean_no": 4.269238797379601
  },
  "palbo_ER0H1P0": {
    "diff": -0.07531109379220613,
    "p": 0.47982247938913025,
    "n_yes": 616,
    "mean_yes": 4.250872662536586,
    "mean_no": 4.326183756328792
  },
  "palbo_ER0H1P1": {
    "diff": -0.1236697472830155,
    "p": 0.37080975616024364,
    "n_yes": 376,
    "mean_yes": 4.218861133349036,
    "mean_no": 4.342530880632052
  },
  "palbo_ER1H0P0": {
    "diff": 2.9080955473029784,
    "p": 0.0,
    "n_yes": 6571,
    "mean_yes": 7.208510077192392,
    "mean_no": 4.300414529889413
  },
  "palbo_ER1H0P1": {
    "diff": 0.02238160263531519,
    "p": 0.6152454483619636,
    "n_yes": 3400,
    "mean_yes": 4.356930145583818,
    "mean_no": 4.334548542948503
  },
  "palbo_ER1H1P0": {
    "diff": -0.01668443478460624,
    "p": 0.8098499295211544,
    "n_yes": 1463,
    "mean_yes": 4.3065880751388015,
    "mean_no": 4.323272509923408
  },
  "palbo_ER1H1P1": {
    "diff": 0.09338120803152705,
    "p": 0.3448197762233846,
    "n_yes": 760,
    "mean_yes": 4.40101333239547,
    "mean_no": 4.307632124363943
  },
  "palbo_3way_er_pik": {
    "coef": -2.9133335624599628,
    "p": 0.0
  },
  "palbo_ERposHER2neg_PIK0": {
    "diff": 2.9080955473029784,
    "p": 0.0,
    "n_yes": 6571,
    "mean_yes": 7.208510077192392,
    "mean_no": 4.300414529889413
  },
  "palbo_ERposHER2neg_PIK1": {
    "diff": 0.02238160263531519,
    "p": 0.6152454483619636,
    "n_yes": 3400,
    "mean_yes": 4.356930145583818,
    "mean_no": 4.334548542948503
  },
  "sacituz_brain0": {
    "diff": -0.030379972501502372,
    "p": 0.44022957189524,
    "n_yes": 4497,
    "mean_yes": 4.77244534372011,
    "mean_no": 4.802825316221613
  },
  "sacituz_brain1": {
    "diff": 0.16166039378087627,
    "p": 0.18154441042281527,
    "n_yes": 490,
    "mean_yes": 3.895708724542642,
    "mean_no": 3.7340483307617656
  },
  "sacituz_brain0_TNBC0": {
    "diff": -0.019652715846737223,
    "p": 0.6681932431195184,
    "n_yes": 3533
  },
  "sacituz_brain0_TNBC1": {
    "diff": -0.0591863773294552,
    "p": 0.4131659121256893,
    "n_yes": 964
  },
  "sacituz_brain1_TNBC0": {
    "diff": 0.3002301985251927,
    "p": 0.03762025585668183,
    "n_yes": 370
  },
  "sacituz_brain1_TNBC1": {
    "diff": -0.18716976104914806,
    "p": 0.35446128173606284,
    "n_yes": 120
  },
  "inter_treatment_palbociclib_ki67_pct": {
    "coef": -0.05338994574400974,
    "p": 0.0
  },
  "inter_treatment_sacituzumab_govitecan_crp_mg_l": {
    "coef": 0.005036794425878276,
    "p": 0.029851370232389336
  }
}