{
  "mv_age_years": {
    "coef": 0.1756752012854702,
    "p": 0.0
  },
  "mv_sex_female": {
    "coef": 0.012908057844539689,
    "p": 0.20734546647993346
  },
  "mv_ecog_ps": {
    "coef": -1.17149709717101,
    "p": 0.0
  },
  "mv_stage_iv": {
    "coef": -1.5488338633493843,
    "p": 0.0
  },
  "mv_has_brain_mets": {
    "coef": -0.9833142185985294,
    "p": 0.0
  },
  "mv_node_positive": {
    "coef": -0.017773212963368194,
    "p": 0.08083157981474366
  },
  "mv_postmenopausal": {
    "coef": -0.008468923461446565,
    "p": 0.4159340097428321
  },
  "mv_er_positive": {
    "coef": 0.5315885822730851,
    "p": 8.626612110332092e-275
  },
  "mv_pr_positive": {
    "coef": 0.014116544120775926,
    "p": 0.32222116313855625
  },
  "mv_her2_positive": {
    "coef": -0.470798455077103,
    "p": 2.4145026597930934e-239
  },
  "mv_her2_low": {
    "coef": 0.0019306019163663232,
    "p": 0.8643585611606516
  },
  "mv_brca1_mutation": {
    "coef": -0.06785420455056378,
    "p": 0.035520772483199015
  },
  "mv_brca2_mutation": {
    "coef": -0.04265642571575281,
    "p": 0.19578181263306008
  },
  "mv_pik3ca_mutation": {
    "coef": -0.5815409690372447,
    "p": 0.0
  },
  "mv_ki67_pct": {
    "coef": -0.018889952679652516,
    "p": 0.0
  },
  "mv_tumor_size_cm": {
    "coef": 0.0013184139211884264,
    "p": 0.6491660739115999
  },
  "mv_albumin_g_dl": {
    "coef": 0.4755489422504422,
    "p": 0.0
  },
  "mv_ldh_u_l": {
    "coef": -0.0005174455171842295,
    "p": 2.211367302752894e-16
  },
  "mv_weight_loss_pct_6mo": {
    "coef": -0.07678375258899325,
    "p": 0.0
  },
  "mv_crp_mg_l": {
    "coef": -9.617461064209484e-05,
    "p": 0.8598360556018951
  },
  "mv_nlr": {
    "coef": -0.0014155112695867448,
    "p": 0.5633322415523304
  },
  "mv_treatment_tamoxifen": {
    "coef": -0.007798425693980042,
    "p": 0.48232939830926513
  },
  "mv_treatment_palbociclib": {
    "coef": 1.1011453276899414,
    "p": 0.0
  },
  "mv_treatment_trastuzumab": {
    "coef": -0.009143397019736255,
    "p": 0.4718156032083932
  },
  "mv_treatment_olaparib": {
    "coef": -0.026396108503475662,
    "p": 0.12154184759535697
  },
  "mv_treatment_sacituzumab_govitecan": {
    "coef": 0.03339271833356994,
    "p": 0.049311384341643
  },
  "mv_treatment_pembrolizumab": {
    "coef": -0.019506797035611447,
    "p": 0.16919169708613946
  },
  "mv_hemoglobin_g_dl": {
    "coef": 0.00016248940835123567,
    "p": 0.9543343982161816
  },
  "mv_alkaline_phosphatase_u_l": {
    "coef": -0.00012599454936615764,
    "p": 0.2211555071216881
  },
  "mv_ast_u_l": {
    "coef": -0.00012828896397743678,
    "p": 0.7679455810567537
  },
  "mv_alt_u_l": {
    "coef": -0.0005502729830511256,
    "p": 0.1877823464258346
  },
  "mv_total_bilirubin_mg_dl": {
    "coef": -0.015010974116327853,
    "p": 0.351168766796163
  },
  "mv_creatinine_mg_dl": {
    "coef": -0.006684489385331666,
    "p": 0.6956865282890372
  },
  "mv_bun_mg_dl": {
    "coef": 0.000416299216225861,
    "p": 0.6835030251319067
  },
  "mv_sodium_meq_l": {
    "coef": -0.0006734737632635966,
    "p": 0.6909584738665022
  },
  "mv_potassium_meq_l": {
    "coef": 0.0141435681573343,
    "p": 0.16265428685585487
  },
  "mv_calcium_mg_dl": {
    "coef": -0.011446437581727321,
    "p": 0.25969832503567297
  },
  "palbo_E0P0H0": {
    "diff": -0.004326551613160312,
    "p": 0.920050367254363,
    "n_yes": 3615,
    "mean_yes": 4.301968933607439,
    "mean_no": 4.306295485220599
  },
  "palbo_E0P0H1": {
    "diff": -0.10765142533053762,
    "p": 0.23831107490637216,
    "n_yes": 845,
    "mean_yes": 4.251726400417898,
    "mean_no": 4.359377825748435
  },
  "palbo_E0P1H0": {
    "diff": 0.021993945223459654,
    "p": 0.8299163685473582,
    "n_yes": 627,
    "mean_yes": 4.262554593891017,
    "mean_no": 4.240560648667557
  },
  "palbo_E0P1H1": {
    "diff": -0.02022840795906955,
    "p": 0.9269354583693376,
    "n_yes": 147,
    "mean_yes": 4.164085291895585,
    "mean_no": 4.184313699854655
  },
  "palbo_E1P0H0": {
    "diff": 1.7648246804855745,
    "p": 4.67577134580986e-78,
    "n_yes": 1475,
    "mean_yes": 6.12239720537841,
    "mean_no": 4.357572524892835
  },
  "palbo_E1P0H1": {
    "diff": -0.0019429481874482235,
    "p": 0.9892249545455315,
    "n_yes": 335,
    "mean_yes": 4.268055628954071,
    "mean_no": 4.26999857714152
  },
  "palbo_E1P1H0": {
    "diff": 1.9514342231608106,
    "p": 0.0,
    "n_yes": 8496,
    "mean_yes": 6.255902346313915,
    "mean_no": 4.304468123153105
  },
  "palbo_E1P1H1": {
    "diff": 0.024747077339765333,
    "p": 0.6888563805972929,
    "n_yes": 1888,
    "mean_yes": 4.351435302356467,
    "mean_no": 4.326688225016702
  },
  "palbo_ER1_HER20": {
    "diff": 1.9238068477686374,
    "p": 0.0,
    "n_yes": 9971
  },
  "palbo_ER1_HER21": {
    "diff": 0.021087579595726602,
    "p": 0.7103034301709291,
    "n_yes": 2223
  },
  "palbo_ER0_HER20": {
    "diff": -0.0001976269673749087,
    "p": 0.9960304479844939,
    "n_yes": 4242
  },
  "palbo_ER0_HER21": {
    "diff": -0.0931581436091733,
    "p": 0.2692740890915133,
    "n_yes": 992
  }
}