{
  "unadj_treatment_tamoxifen": {
    "mean_on": 4.723026875263865,
    "mean_off": 4.679910674735056,
    "diff": 0.043116200528809046,
    "p": 0.07690046611130903,
    "n_on": 15035
  },
  "unadj_treatment_palbociclib": {
    "mean_on": 5.408254502546887,
    "mean_off": 4.310104578819732,
    "diff": 1.0981499237271555,
    "p": 0.0,
    "n_on": 17428
  },
  "unadj_treatment_trastuzumab": {
    "mean_on": 4.644527946010733,
    "mean_off": 4.70502164014168,
    "diff": -0.06049369413094663,
    "p": 0.029150941723449633,
    "n_on": 10039
  },
  "unadj_treatment_olaparib": {
    "mean_on": 4.660192732292929,
    "mean_off": 4.696463633812372,
    "diff": -0.03627090151944312,
    "p": 0.3297750438787722,
    "n_on": 4946
  },
  "unadj_treatment_sacituzumab_govitecan": {
    "mean_on": 4.686301180215605,
    "mean_off": 4.693604110500705,
    "diff": -0.007302930285099762,
    "p": 0.8461423978581862,
    "n_on": 4987
  },
  "unadj_treatment_pembrolizumab": {
    "mean_on": 4.6300092812930975,
    "mean_off": 4.704118010446664,
    "diff": -0.0741087291535667,
    "p": 0.017533944373829276,
    "n_on": 7585
  },
  "unadj_stage_iv": {
    "mean_yes": 3.616501277344159,
    "mean_no": 5.152818309244347,
    "diff": -1.5363170319001882,
    "p": 0.0,
    "n_yes": 14969
  },
  "unadj_has_brain_mets": {
    "mean_yes": 3.749610922697449,
    "mean_no": 4.799783260190902,
    "diff": -1.0501723374934535,
    "p": 1.4549955380425552e-178,
    "n_yes": 5090
  },
  "unadj_node_positive": {
    "mean_yes": 4.681141156463125,
    "mean_no": 4.704660136242143,
    "diff": -0.023518979779018068,
    "p": 0.29208775224471895,
    "n_yes": 25053
  },
  "unadj_postmenopausal": {
    "mean_yes": 4.683705706804519,
    "mean_no": 4.706906823669081,
    "diff": -0.02320111686456272,
    "p": 0.31078186628499643,
    "n_yes": 30238
  },
  "unadj_er_positive": {
    "mean_yes": 4.864527289666697,
    "mean_no": 4.296671085377203,
    "diff": 0.5678562042894937,
    "p": 3.704854712016327e-143,
    "n_yes": 34886
  },
  "unadj_pr_positive": {
    "mean_yes": 4.823513177190859,
    "mean_no": 4.461556342000816,
    "diff": 0.3619568351900426,
    "p": 5.822526632644856e-59,
    "n_yes": 31954
  },
  "unadj_her2_positive": {
    "mean_yes": 4.317061212945953,
    "mean_no": 4.776043263859626,
    "diff": -0.45898205091367306,
    "p": 6.101871955866938e-70,
    "n_yes": 9060
  },
  "unadj_her2_low": {
    "mean_yes": 4.764850415879415,
    "mean_no": 4.650448693456192,
    "diff": 0.11440172242322344,
    "p": 1.044485889142057e-06,
    "n_yes": 18543
  },
  "unadj_brca1_mutation": {
    "mean_yes": 4.669001805867366,
    "mean_no": 4.6935014368083,
    "diff": -0.02449963094093377,
    "p": 0.7242284474252536,
    "n_yes": 1277
  },
  "unadj_brca2_mutation": {
    "mean_yes": 4.568551121917133,
    "mean_no": 4.69599033049163,
    "diff": -0.1274392085744971,
    "p": 0.08132287025972368,
    "n_yes": 1222
  },
  "unadj_pik3ca_mutation": {
    "mean_yes": 4.328062078915572,
    "mean_no": 4.886992119238073,
    "diff": -0.558930040322501,
    "p": 6.066087429244211e-144,
    "n_yes": 17365
  },
  "unadj_sex_female": {
    "mean_yes": 4.68567969110552,
    "mean_no": 4.69870228535169,
    "diff": -0.013022594246169916,
    "p": 0.5615693322608619,
    "n_yes": 22371
  },
  "group_ecog_ps": {
    "mean": {
      "0": 5.639645623860161,
      "1": 4.444136464573715,
      "2": 3.2885045502064334
    },
    "std": {
      "0": 2.3865239010873176,
      "1": 2.3649797062300273,
      "2": 2.3082781391378493
    },
    "count": {
      "0": 17592,
      "1": 24971,
      "2": 7437
    }
  },
  "corr_age_years": {
    "r": 0.701535072951399,
    "p": 0.0
  },
  "corr_ki67_pct": {
    "r": -0.09141848558859533,
    "p": 2.979162563057627e-93
  },
  "corr_tumor_size_cm": {
    "r": 0.0003883799814269331,
    "p": 0.9307969148686394
  },
  "corr_albumin_g_dl": {
    "r": 0.10021045803542346,
    "p": 9.393535192804359e-112
  },
  "corr_ldh_u_l": {
    "r": -0.01640106311208841,
    "p": 0.0002448912527249338
  },
  "corr_weight_loss_pct_6mo": {
    "r": -0.11552760378938601,
    "p": 4.0746632668183206e-148
  },
  "corr_crp_mg_l": {
    "r": -0.0032995233633787975,
    "p": 0.4606485034642748
  },
  "corr_nlr": {
    "r": 0.0027593916702576345,
    "p": 0.5372317681288502
  },
  "corr_hemoglobin_g_dl": {
    "r": -0.0045953046499004994,
    "p": 0.3041751583384692
  },
  "corr_alkaline_phosphatase_u_l": {
    "r": -0.013294083602434866,
    "p": 0.002951884965321785
  },
  "corr_ast_u_l": {
    "r": -0.0026322708935424327,
    "p": 0.5561430738074316
  },
  "corr_alt_u_l": {
    "r": -0.0035742091439628096,
    "p": 0.42417443284854284
  },
  "corr_total_bilirubin_mg_dl": {
    "r": -0.00893018161405371,
    "p": 0.04584265324093631
  },
  "corr_creatinine_mg_dl": {
    "r": -0.00395983902783006,
    "p": 0.3759256966231398
  },
  "corr_bun_mg_dl": {
    "r": -0.0011338879083479013,
    "p": 0.7998518923469274
  },
  "corr_sodium_meq_l": {
    "r": -0.0019348505555050097,
    "p": 0.6652797217254306
  },
  "corr_potassium_meq_l": {
    "r": 0.010022256931200253,
    "p": 0.025023158365827396
  },
  "corr_calcium_mg_dl": {
    "r": -0.012838442767292822,
    "p": 0.004094220397479213
  }
}