{
  "palbo_HRposHER2neg_PIK3CAwt": {
    "n": 19918,
    "predicate": "(er_positive==1 or pr_positive==1) and her2_positive==0 and pik3ca_mutation==0",
    "tx_coef": 2.74290185754289,
    "se": 0.021943843031492903,
    "p_value": 0.0
  },
  "palbo_HRposHER2neg_PIK3CAmut": {
    "n": 10526,
    "predicate": "(er_positive==1 or pr_positive==1) and her2_positive==0 and pik3ca_mutation==1",
    "tx_coef": 0.0035429160990970384,
    "se": 0.0035970303787197662,
    "p_value": 0.32466842480337743
  },
  "palbo_HRposHER2neg_PIK3CAwt_postmeno": {
    "n": 12062,
    "predicate": "(er_positive==1 or pr_positive==1) and her2_positive==0 and pik3ca_mutation==0 and postmenopausal==1",
    "tx_coef": 2.7094551299842076,
    "se": 0.02816136041259028,
    "p_value": 0.0
  },
  "palbo_HRposHER2neg_PIK3CAwt_lowKi67": {
    "n": 11918,
    "predicate": "(er_positive==1 or pr_positive==1) and her2_positive==0 and pik3ca_mutation==0 and ki67_pct < 14.6",
    "tx_coef": 4.541280877456138,
    "se": 0.016371524341190435,
    "p_value": 0.0
  },
  "palbo_ERposHER2neg_PIK3CAwt": {
    "n": 18681,
    "predicate": "er_positive==1 and her2_positive==0 and pik3ca_mutation==0",
    "tx_coef": 2.9162707990966545,
    "se": 0.022457455810801715,
    "p_value": 0.0
  },
  "triple_interaction": {
    "treatment_palbociclib": {
      "coef": -0.0001852061947069019,
      "p": 0.9938158578109322
    },
    "treatment_palbociclib:hr_pos_her2_neg": {
      "coef": 0.0037439917018648487,
      "p": 0.9031548873085473
    },
    "treatment_palbociclib:pik3ca_wt": {
      "coef": -0.0022502260384018938,
      "p": 0.939541741028786
    },
    "treatment_palbociclib:hr_pos_her2_neg:pik3ca_wt": {
      "coef": 2.7414403457859033,
      "p": 0.0
    }
  },
  "palbo_pik3ca_within_HRposHER2neg": {
    "treatment_palbociclib": {
      "coef": 2.742780134678827,
      "p": 0.0
    },
    "pik3ca_mutation": {
      "coef": -0.0026257333621335227,
      "p": 0.8832142376582081
    },
    "treatment_palbociclib:pik3ca_mutation": {
      "coef": -2.739212219687199,
      "p": 0.0
    }
  }
}