{
  "iter1": {
    "sex_female": {
      "diff": -0.013022594246169916,
      "p": 0.5615693322608619,
      "mean1": 4.68567969110552,
      "mean0": 4.69870228535169,
      "n1": 22371,
      "n0": 27629
    },
    "stage_iv": {
      "diff": -1.5363170319001882,
      "p": 0.0,
      "mean1": 3.616501277344159,
      "mean0": 5.152818309244347,
      "n1": 14969,
      "n0": 35031
    },
    "has_brain_mets": {
      "diff": -1.0501723374934535,
      "p": 1.4549955380425552e-178,
      "mean1": 3.749610922697449,
      "mean0": 4.799783260190902,
      "n1": 5090,
      "n0": 44910
    },
    "node_positive": {
      "diff": -0.023518979779018068,
      "p": 0.29208775224471895,
      "mean1": 4.681141156463125,
      "mean0": 4.704660136242143,
      "n1": 25053,
      "n0": 24947
    },
    "postmenopausal": {
      "diff": -0.02320111686456272,
      "p": 0.31078186628499643,
      "mean1": 4.683705706804519,
      "mean0": 4.706906823669081,
      "n1": 30238,
      "n0": 19762
    },
    "er_positive": {
      "diff": 0.5678562042894937,
      "p": 3.704854712016327e-143,
      "mean1": 4.864527289666697,
      "mean0": 4.296671085377203,
      "n1": 34886,
      "n0": 15114
    },
    "pr_positive": {
      "diff": 0.3619568351900426,
      "p": 5.822526632644856e-59,
      "mean1": 4.823513177190859,
      "mean0": 4.461556342000816,
      "n1": 31954,
      "n0": 18046
    },
    "her2_positive": {
      "diff": -0.45898205091367306,
      "p": 6.101871955866938e-70,
      "mean1": 4.317061212945953,
      "mean0": 4.776043263859626,
      "n1": 9060,
      "n0": 40940
    },
    "her2_low": {
      "diff": 0.11440172242322344,
      "p": 1.044485889142057e-06,
      "mean1": 4.764850415879415,
      "mean0": 4.650448693456192,
      "n1": 18543,
      "n0": 31457
    },
    "brca1_mutation": {
      "diff": -0.02449963094093377,
      "p": 0.7242284474252536,
      "mean1": 4.669001805867366,
      "mean0": 4.6935014368083,
      "n1": 1277,
      "n0": 48723
    },
    "brca2_mutation": {
      "diff": -0.1274392085744971,
      "p": 0.08132287025972368,
      "mean1": 4.568551121917133,
      "mean0": 4.69599033049163,
      "n1": 1222,
      "n0": 48778
    },
    "pik3ca_mutation": {
      "diff": -0.558930040322501,
      "p": 6.066087429244211e-144,
      "mean1": 4.328062078915572,
      "mean0": 4.886992119238073,
      "n1": 17365,
      "n0": 32635
    }
  },
  "iter2": {
    "age_years": {
      "r": 0.701535072951399,
      "p": 0.0
    },
    "ecog_ps": {
      "r": -0.32042360788541185,
      "p": 0.0
    },
    "ki67_pct": {
      "r": -0.09141848558859533,
      "p": 2.979162563057627e-93
    },
    "tumor_size_cm": {
      "r": 0.0003883799814269331,
      "p": 0.9307969148686394
    },
    "albumin_g_dl": {
      "r": 0.10021045803542346,
      "p": 9.393535192804359e-112
    },
    "ldh_u_l": {
      "r": -0.01640106311208841,
      "p": 0.0002448912527249338
    },
    "weight_loss_pct_6mo": {
      "r": -0.11552760378938601,
      "p": 4.0746632668183206e-148
    },
    "crp_mg_l": {
      "r": -0.0032995233633787975,
      "p": 0.4606485034642748
    },
    "nlr": {
      "r": 0.0027593916702576345,
      "p": 0.5372317681288502
    },
    "hemoglobin_g_dl": {
      "r": -0.0045953046499004994,
      "p": 0.3041751583384692
    },
    "alkaline_phosphatase_u_l": {
      "r": -0.013294083602434866,
      "p": 0.002951884965321785
    },
    "ast_u_l": {
      "r": -0.0026322708935424327,
      "p": 0.5561430738074316
    },
    "alt_u_l": {
      "r": -0.0035742091439628096,
      "p": 0.42417443284854284
    },
    "total_bilirubin_mg_dl": {
      "r": -0.00893018161405371,
      "p": 0.04584265324093631
    },
    "creatinine_mg_dl": {
      "r": -0.00395983902783006,
      "p": 0.3759256966231398
    },
    "bun_mg_dl": {
      "r": -0.0011338879083479013,
      "p": 0.7998518923469274
    },
    "sodium_meq_l": {
      "r": -0.0019348505555050097,
      "p": 0.6652797217254306
    },
    "potassium_meq_l": {
      "r": 0.010022256931200253,
      "p": 0.025023158365827396
    },
    "calcium_mg_dl": {
      "r": -0.012838442767292822,
      "p": 0.004094220397479213
    }
  },
  "iter3": {
    "treatment_tamoxifen": {
      "diff": 0.043116200528809046,
      "p": 0.07690046611130903,
      "mean1": 4.723026875263865,
      "mean0": 4.679910674735056,
      "n1": 15035,
      "n0": 34965
    },
    "treatment_palbociclib": {
      "diff": 1.0981499237271555,
      "p": 0.0,
      "mean1": 5.408254502546887,
      "mean0": 4.310104578819732,
      "n1": 17428,
      "n0": 32572
    },
    "treatment_trastuzumab": {
      "diff": -0.06049369413094663,
      "p": 0.029150941723449633,
      "mean1": 4.644527946010733,
      "mean0": 4.70502164014168,
      "n1": 10039,
      "n0": 39961
    },
    "treatment_olaparib": {
      "diff": -0.03627090151944312,
      "p": 0.3297750438787722,
      "mean1": 4.660192732292929,
      "mean0": 4.696463633812372,
      "n1": 4946,
      "n0": 45054
    },
    "treatment_sacituzumab_govitecan": {
      "diff": -0.007302930285099762,
      "p": 0.8461423978581862,
      "mean1": 4.686301180215605,
      "mean0": 4.693604110500705,
      "n1": 4987,
      "n0": 45013
    },
    "treatment_pembrolizumab": {
      "diff": -0.0741087291535667,
      "p": 0.017533944373829276,
      "mean1": 4.6300092812930975,
      "mean0": 4.704118010446664,
      "n1": 7585,
      "n0": 42415
    }
  }
}