feature,coef,p
feature_076,-0.10678810651199401,0.10242601310790858
feature_112,-0.10263172322580141,0.14937269102331385
feature_007,0.04992875294175065,0.173482487762727
feature_006,0.040037079240151784,0.31300494007484647
feature_039,-0.036431445118394905,0.319205236830471
feature_011,-0.003400767356475572,0.49672684068955963
feature_067,-0.018742743844300986,0.6720101394993987
feature_013,0.012980968020513572,0.728625256765015
