feature,coef,p
feature_112,-0.1620945076266607,0.11990147119490953
feature_051,-0.049437730131354676,0.22289658528979683
feature_013,0.045561908754948074,0.4014905530028352
feature_007,0.030508997017680256,0.5654535745687329
feature_039,0.029681590426112556,0.5751671139341656
feature_006,-0.028161899492450217,0.6169228434512434
feature_076,0.0410840540549688,0.6608463639417921
feature_067,-0.027783009499000047,0.663323513250379
feature_011,-0.002436931076654422,0.7345471492025822
