{
  "soto_kras_adjusted": {
    "interaction_coef": 2.5328318100815195,
    "interaction_p": 0.0,
    "soto_main_coef": -0.00040157693601554877,
    "soto_main_p": 0.9472232761896167
  },
  "soto_in_kras_adjusted": {
    "coef": 2.5294022414607436,
    "p": 0.0
  },
  "soto_in_no_kras_adjusted": {
    "coef": 0.0014504800200557033,
    "p": 0.656762954159044
  },
  "pembro_egfr_adjusted": {
    "interaction_coef": 0.018814596580296026,
    "interaction_p": 0.3753677672181797,
    "pembro_main_coef": -0.008144614692916038,
    "pembro_main_p": 0.2877742111850911
  },
  "pembro_in_no_egfr_adjusted": {
    "coef": -0.008206910867374783,
    "p": 0.3004164720539475
  },
  "pembro_in_egfr_adjusted": {
    "coef": 0.011404408830897928,
    "p": 0.42772082043437915
  },
  "pembro_ecog_interaction": {
    "Intercept": [
      4.111864305049088,
      0.0
    ],
    "C(ecog_ps)[T.1]": [
      -1.1205230167520053,
      0.0
    ],
    "C(ecog_ps)[T.2]": [
      -2.165021872424513,
      0.0
    ],
    "treatment_pembrolizumab": [
      0.027063712926320687,
      0.3487347186947378
    ],
    "treatment_pembrolizumab:C(ecog_ps)[T.1]": [
      -0.06882099848602481,
      0.06789717248448253
    ],
    "treatment_pembrolizumab:C(ecog_ps)[T.2]": [
      -0.048939722182358994,
      0.3543567817229898
    ],
    "albumin_g_dl": [
      0.43782609904140507,
      2.510451020431523e-144
    ],
    "weight_loss_pct_6mo": [
      -0.07434426661413907,
      4.116049883762465e-245
    ],
    "stage_iv": [
      -1.4455937992725247,
      0.0
    ],
    "has_brain_mets": [
      -0.9256587025316689,
      0.0
    ]
  },
  "osi_egfr_adjusted": {
    "interaction_coef": -0.016180198779309835,
    "interaction_p": 0.483753059800852,
    "osi_main_coef": -0.0008786021633544784,
    "osi_main_p": 0.9163726735891209
  },
  "ola_brca2_adjusted": {
    "interaction_coef": -0.0017177054139831185,
    "interaction_p": 0.9706013730460588,
    "ola_main_coef": 0.005384551187513826,
    "ola_main_p": 0.4961268103255788
  },
  "tmb_main_adjusted": [
    -0.0060196489447206375,
    0.4639679102194576
  ],
  "assoc_egfr_osi": 0.551638604564701,
  "assoc_kras_soto": 0.7551184613590699,
  "assoc_brca2_ola": 0.029977687206832932,
  "assoc_pdl1_pembro": 0.4628508042611513,
  "final_joint": {
    "Intercept": [
      -7.085864866510364,
      0.0
    ],
    "C(ecog_ps)[T.1]": [
      -1.1423647375427843,
      0.0
    ],
    "C(ecog_ps)[T.2]": [
      -2.1853961486696996,
      0.0
    ],
    "C(smoking_status)[T.former]": [
      0.5523223742534731,
      0.0
    ],
    "C(smoking_status)[T.never]": [
      0.5502210381869576,
      0.0
    ],
    "C(histology)[T.squamous]": [
      -0.731616080152258,
      0.0
    ],
    "treatment_sotorasib": [
      -0.00042135656247856753,
      0.9446475522842745
    ],
    "kras_g12c": [
      -1.2309996461802239e-05,
      0.9990346885135779
    ],
    "treatment_sotorasib:kras_g12c": [
      2.533266642356476,
      0.0
    ],
    "treatment_pembrolizumab": [
      -0.001036346513373638,
      0.848053270048459
    ],
    "treatment_olaparib": [
      0.005337477185416435,
      0.36582598807332245
    ],
    "treatment_osimertinib": [
      0.0005669929930115286,
      0.9234989451761824
    ],
    "stage_iv": [
      -1.4148726079838432,
      0.0
    ],
    "has_brain_mets": [
      -0.9136134765061188,
      0.0
    ],
    "albumin_g_dl": [
      0.45983241151911575,
      0.0
    ],
    "ldh_u_l": [
      -0.00045061010087664276,
      2.8469356939862773e-41
    ],
    "weight_loss_pct_6mo": [
      -0.07297661727074291,
      0.0
    ],
    "age_years": [
      0.16823481191437872,
      0.0
    ],
    "sex_female": [
      -0.20534494065638587,
      1.5790122512030566e-307
    ],
    "egfr_mutation": [
      -0.00315706995110803,
      0.7302740955988739
    ],
    "alk_fusion": [
      -0.026740519441460005,
      0.03469303822547061
    ],
    "stk11_mutation": [
      -0.008270141058771593,
      0.27615601996268396
    ],
    "brca2_mutation": [
      -0.10820901352887505,
      6.641678400225719e-12
    ],
    "tmb_high": [
      0.0008652928714562875,
      0.8894074722334501
    ],
    "pdl1_tps": [
      0.011009910187935072,
      0.3885812297977957
    ],
    "crp_mg_l": [
      -0.00027325543737080523,
      0.35757825638050517
    ],
    "nlr": [
      0.0007988967122149664,
      0.537966865160716
    ],
    "hemoglobin_g_dl": [
      0.0001574523384349863,
      0.9168240134577876
    ],
    "alkaline_phosphatase_u_l": [
      -3.7540674525495764e-05,
      0.492638890088174
    ],
    "ast_u_l": [
      -0.00017566765455287724,
      0.44695399847278705
    ],
    "alt_u_l": [
      0.0002736507712527481,
      0.2176152711532423
    ],
    "total_bilirubin_mg_dl": [
      0.005006928222102506,
      0.5583344524201114
    ],
    "creatinine_mg_dl": [
      -0.004058896000533994,
      0.6548827334192591
    ],
    "bun_mg_dl": [
      -0.0004983720997328,
      0.3583549447752933
    ],
    "sodium_meq_l": [
      0.0008377064064909951,
      0.3518865410859157
    ],
    "potassium_meq_l": [
      -0.001599160228285242,
      0.7663638504038796
    ],
    "calcium_mg_dl": [
      -0.005028029320728954,
      0.3514935189048085
    ]
  },
  "pembro_squamous_adjusted": {
    "interaction_coef": 0.0036506667516421763,
    "interaction_p": 0.8189652725334564,
    "pembro_main_coef": -0.00670801562488254,
    "pembro_main_p": 0.4250725243419856
  },
  "pembro_in_pdl1_high_adjusted": {
    "coef": -0.0009239368387998086,
    "p": 0.9530121903751465
  },
  "pembro_in_pdl1_low_adjusted": {
    "coef": -0.006848842825260673,
    "p": 0.3936055476755485
  },
  "pembro_pdl1high_stk11neg_adjusted": {
    "coef": -0.0004175150637636817,
    "p": 0.9808862200093651
  },
  "pembro_3way_pdl1": {
    "sex_female": [
      -0.10105773918970946,
      0.5935956005800265
    ],
    "stage_iv": [
      0.15751709847687184,
      0.4013524321331868
    ],
    "has_brain_mets": [
      -0.0011720260139392626,
      0.9956154301037332
    ],
    "egfr_mutation": [
      0.22119544725551366,
      0.4270804408925888
    ],
    "kras_g12c": [
      0.20893880222298075,
      0.4601026566558656
    ],
    "alk_fusion": [
      -0.3123689836627389,
      0.4651237288807248
    ],
    "stk11_mutation": [
      0.0852024283433859,
      0.7470161713785048
    ],
    "brca2_mutation": [
      0.7520237805600511,
      0.17290296501361663
    ],
    "tmb_high": [
      0.35193768098284284,
      0.09093895885953883
    ]
  }
}