{
  "sotorasib_kras_heter": {
    "kras+ & sex_female==0": {
      "label": "kras+ & sex_female==0",
      "n": 3508,
      "n_on": 1237,
      "n_off": 2271,
      "mean_on": 7.876041564106859,
      "mean_off": 3.231965228480058,
      "coef": 4.644076335626842,
      "p": 0.0
    },
    "kras+ & sex_female==1": {
      "label": "kras+ & sex_female==1",
      "n": 2860,
      "n_on": 1009,
      "n_off": 1851,
      "mean_on": 3.1785297545265903,
      "mean_off": 3.1905072770848277,
      "coef": -0.011977522558239459,
      "p": 0.8838731664308521
    },
    "kras+ & smoking_current==1": {
      "label": "kras+ & smoking_current==1",
      "n": 2947,
      "n_on": 1044,
      "n_off": 1903,
      "mean_on": 5.355069762599805,
      "mean_off": 2.880374749064194,
      "coef": 2.474695013535594,
      "p": 7.727936793509566e-126
    },
    "kras+ & smoking_current==0": {
      "label": "kras+ & smoking_current==0",
      "n": 3421,
      "n_on": 1202,
      "n_off": 2219,
      "mean_on": 6.122385278671645,
      "mean_off": 3.498904396707106,
      "coef": 2.6234808819645066,
      "p": 4.717429595464242e-156
    },
    "kras+ & smoking_never==1": {
      "label": "kras+ & smoking_never==1",
      "n": 150,
      "n_on": 46,
      "n_off": 104,
      "mean_on": 5.359082734322007,
      "mean_off": 3.6021303345517635,
      "coef": 1.7569523997702445,
      "p": 7.861757771431865e-05
    },
    "kras+ & smoking_never==0": {
      "label": "kras+ & smoking_never==0",
      "n": 6218,
      "n_on": 2200,
      "n_off": 4018,
      "mean_on": 5.7742191506085,
      "mean_off": 3.203285328265019,
      "coef": 2.570933822343459,
      "p": 4.227940999236069e-272
    },
    "kras+ & adeno==1": {
      "label": "kras+ & adeno==1",
      "n": 4221,
      "n_on": 1449,
      "n_off": 2772,
      "mean_on": 6.106941427518164,
      "mean_off": 3.490956569832301,
      "coef": 2.6159848576858287,
      "p": 3.292184465698403e-193
    },
    "kras+ & adeno==0": {
      "label": "kras+ & adeno==0",
      "n": 2147,
      "n_on": 797,
      "n_off": 1350,
      "mean_on": 5.145347313229228,
      "mean_off": 2.6433262164348807,
      "coef": 2.502021096794344,
      "p": 2.2297196298566936e-95
    },
    "kras+ & ecog<=1": {
      "label": "kras+ & ecog<=1",
      "n": 5414,
      "n_on": 1891,
      "n_off": 3523,
      "mean_on": 6.0062933250154185,
      "mean_off": 3.4209044477403356,
      "coef": 2.585388877275031,
      "p": 4.190668244889779e-241
    },
    "kras+ & ecog==2": {
      "label": "kras+ & ecog==2",
      "n": 954,
      "n_on": 355,
      "n_off": 599,
      "mean_on": 4.4842232662348085,
      "mean_off": 1.9926137468664866,
      "coef": 2.491609519368331,
      "p": 2.8591989461416747e-51
    },
    "kras+ & stage_iv==0": {
      "label": "kras+ & stage_iv==0",
      "n": 2265,
      "n_on": 807,
      "n_off": 1458,
      "mean_on": 6.704855014554965,
      "mean_off": 4.096008723220527,
      "coef": 2.6088462913344204,
      "p": 3.852382032528144e-104
    },
    "kras+ & stage_iv==1": {
      "label": "kras+ & stage_iv==1",
      "n": 4103,
      "n_on": 1439,
      "n_off": 2664,
      "mean_on": 5.239042349111645,
      "mean_off": 2.7302707527427548,
      "coef": 2.5087715963688546,
      "p": 4.029574595708552e-189
    },
    "kras+ & has_brain_mets==0": {
      "label": "kras+ & has_brain_mets==0",
      "n": 4817,
      "n_on": 1693,
      "n_off": 3124,
      "mean_on": 6.037253371712302,
      "mean_off": 3.406393526157038,
      "coef": 2.6308598455552645,
      "p": 2.4933002371891846e-220
    },
    "kras+ & has_brain_mets==1": {
      "label": "kras+ & has_brain_mets==1",
      "n": 1551,
      "n_on": 553,
      "n_off": 998,
      "mean_on": 4.934412258243376,
      "mean_off": 2.609066761570785,
      "coef": 2.3253454966726035,
      "p": 2.3045540334239582e-63
    },
    "kras+ & stk11==1": {
      "label": "kras+ & stk11==1",
      "n": 896,
      "n_on": 287,
      "n_off": 609,
      "mean_on": 5.604747288745087,
      "mean_off": 3.278378270546955,
      "coef": 2.3263690181981382,
      "p": 5.974175061447281e-35
    },
    "kras+ & stk11==0": {
      "label": "kras+ & stk11==0",
      "n": 5472,
      "n_on": 1959,
      "n_off": 3513,
      "mean_on": 5.789299369702743,
      "mean_off": 3.2020750461141856,
      "coef": 2.5872243235885097,
      "p": 8.006799823419042e-242
    },
    "kras+ & alk_fusion==0": {
      "label": "kras+ & alk_fusion==0",
      "n": 6109,
      "n_on": 2159,
      "n_off": 3950,
      "mean_on": 5.914071826148085,
      "mean_off": 3.247303171300404,
      "coef": 2.6667686548476124,
      "p": 3.4135177157650234e-291
    },
    "kras+ & egfr==0": {
      "label": "kras+ & egfr==0",
      "n": 5969,
      "n_on": 2102,
      "n_off": 3867,
      "mean_on": 5.781958609965803,
      "mean_off": 3.2006737654486166,
      "coef": 2.5812848445171532,
      "p": 9.624397513147832e-265
    },
    "kras+ & albumin>=median": {
      "label": "kras+ & albumin>=median",
      "n": 3387,
      "n_on": 1191,
      "n_off": 2196,
      "mean_on": 5.81286943535555,
      "mean_off": 3.386531165989502,
      "coef": 2.42633826936602,
      "p": 3.595572087167289e-134
    },
    "kras+ & albumin<median": {
      "label": "kras+ & albumin<median",
      "n": 2981,
      "n_on": 1055,
      "n_off": 1926,
      "mean_on": 5.712485724747919,
      "mean_off": 3.0158876237016004,
      "coef": 2.6965981010463294,
      "p": 1.1878808001217832e-144
    },
    "kras+ & ldh>=median": {
      "label": "kras+ & ldh>=median",
      "n": 3188,
      "n_on": 1140,
      "n_off": 2048,
      "mean_on": 5.8274094437480874,
      "mean_off": 3.240656813705625,
      "coef": 2.5867526300424437,
      "p": 6.303768115626473e-141
    },
    "kras+ & ldh<median": {
      "label": "kras+ & ldh<median",
      "n": 3180,
      "n_on": 1106,
      "n_off": 2074,
      "mean_on": 5.702127641270066,
      "mean_off": 3.18638228027633,
      "coef": 2.515745360993761,
      "p": 3.3015228304043237e-136
    }
  },
  "sotorasib_in_kras_intxn": {
    "sex_female": {
      "main_t": 4.64407633562681,
      "main_t_p": 0.0,
      "intxn_coef": -4.656053858185083,
      "intxn_p": 0.0
    },
    "smoking_current": {
      "main_t": 2.6234808819645368,
      "main_t_p": 5.603682375045016e-166,
      "intxn_coef": -0.14878586842893138,
      "intxn_p": 0.274588429061249
    },
    "smoking_never": {
      "main_t": 2.5709338223434783,
      "main_t_p": 2.0401111833041257e-273,
      "intxn_coef": -0.8139814225732357,
      "intxn_p": 0.08161237554753706
    },
    "adeno": {
      "main_t": 2.502021096794336,
      "main_t_p": 4.084174097102206e-101,
      "intxn_coef": 0.11396376089152152,
      "intxn_p": 0.42298234667391316
    },
    "ecog_ps": {
      "main_t": 2.517602037102279,
      "main_t_p": 4.150849802915922e-131,
      "intxn_coef": 0.04784354686064406,
      "intxn_p": 0.618596629941881
    },
    "stage_iv": {
      "main_t": 2.608846291334436,
      "main_t_p": 8.449370001878495e-118,
      "intxn_coef": -0.10007469496554462,
      "intxn_p": 0.4686620662471592
    },
    "has_brain_mets": {
      "main_t": 2.630859845555262,
      "main_t_p": 3.597636762832996e-230,
      "intxn_coef": -0.3055143488826789,
      "intxn_p": 0.05237014977106738
    },
    "stk11_mutation": {
      "main_t": 2.5872243235885546,
      "main_t_p": 1.7815675993087047e-247,
      "intxn_coef": -0.2608553053904297,
      "intxn_p": 0.19415945911074992
    },
    "albumin_g_dl": {
      "main_t": 3.842770429057728,
      "main_t_p": 1.143041963014809e-13,
      "intxn_coef": -0.33981287530973714,
      "intxn_p": 0.01186418038270022
    },
    "ldh_u_l": {
      "main_t": 2.2149112891022344,
      "main_t_p": 8.334715209415781e-27,
      "intxn_coef": 0.0014976975966724817,
      "intxn_p": 0.082073558701053
    },
    "weight_loss_pct_6mo": {
      "main_t": 2.6037946668674206,
      "main_t_p": 3.7537322724950676e-154,